<?xml version="1.0" encoding="US-ASCII"?>
<unit-system>
  <copyright>Copyright (c) 2025 Lars B&#x00E4;rring (ascii-transcription: Lars Barring)</copyright>
  <license>CC-BY-4.0: Creative Commons Attribution 4.0 International</license>
  <provenance>SI Digital Framework Reference Point webpage Version: 1.0 Beta, last update: 2025-02-19 file constants.ttl (datestamped 2025-01-30) downloaded and processed by the UDUSI package (version 0.1) on 2025-03-07.</provenance>
  <unit>
    <def>6.02214076e23 1/mole</def>
    <name>
      <singular>Avogadro constant</singular>
    </name>
    <symbol>${N_{\rm{A}}}$</symbol>
    <definition>Resolution 1 of the 26th CGPM (2018) states that Avogadro constant, ${N_{\rm{A}}}$, is 6.022 140 76 x 10&#x00B2;&#x00B3; when expressed in units of 1/mole.</definition>
    <aliases>
      <name>
        <singular>avogadro_constant</singular>
        <source>SIConstant</source>
      </name>
    </aliases>
    <unit_uri>https://si-digital-framework.org/constants/AvogadroConstant</unit_uri>
    <internal_note>Alias to SI constant added by UDUSI.</internal_note>
    <unit_class>SIConstant</unit_class>
  </unit>
  <unit>
    <def>1.380649e-23 joule/kelvin</def>
    <name>
      <singular>Boltzmann constant</singular>
    </name>
    <symbol>${k}$</symbol>
    <definition>Resolution 1 of the 26th CGPM (2018) states that Boltzmann constant, ${k}$, is 1.380 649 x 10&#x207B;&#x00B2;&#x00B3; when expressed in units of joule/kelvin.</definition>
    <aliases>
      <name>
        <singular>boltzmann_constant</singular>
        <source>SIConstant</source>
      </name>
    </aliases>
    <unit_uri>https://si-digital-framework.org/constants/BoltzmannConstant</unit_uri>
    <internal_note>Alias to SI constant added by UDUSI.</internal_note>
    <unit_class>SIConstant</unit_class>
  </unit>
  <unit>
    <def>1.602176634e-19 coulomb</def>
    <name>
      <singular>elementary charge</singular>
    </name>
    <symbol>${e}$</symbol>
    <definition>Resolution 1 of the 26th CGPM (2018) states that the elementary charge, ${e}$, is 1.602 176 634 x 10&#x207B;&#x00B9;&#x2079; when expressed in units of coulomb.</definition>
    <aliases>
      <name>
        <singular>elementary_charge</singular>
        <source>SIConstant</source>
      </name>
    </aliases>
    <unit_uri>https://si-digital-framework.org/constants/ElementaryCharge</unit_uri>
    <internal_note>Alias to SI constant added by UDUSI.</internal_note>
    <unit_class>SIConstant</unit_class>
  </unit>
  <unit>
    <def>9192631770 hertz</def>
    <name>
      <singular>hyperfine transition frequency of Cs-133</singular>
    </name>
    <symbol>$\Delta\nu_{\rm{Cs}}$</symbol>
    <definition>Resolution 1 of the 26th CGPM (2018) states that the unperturbed ground state hyperfine transition frequency of the caesium 133 atom, $\Delta\nu_{\rm{Cs}}$, is 9 192 631 770 when expressed in units of hertz.</definition>
    <aliases>
      <name>
        <singular>hyperfine_transition_frequency</singular>
        <source>SIConstant</source>
      </name>
    </aliases>
    <unit_uri>https://si-digital-framework.org/constants/HyperfineTransitionFrequencyOfCs-133</unit_uri>
    <internal_note>Alias to SI constant added by UDUSI.</internal_note>
    <unit_class>SIConstant</unit_class>
  </unit>
  <unit>
    <def>683 lumen/watt</def>
    <name>
      <singular>luminous efficacy</singular>
    </name>
    <symbol>${K_{\rm{cd}}}$</symbol>
    <definition>Resolution 1 of the 26th CGPM (2018) states that the luminous efficacy of monochromatic radiation of frequency 540 x 10^12 Hz, ${K_{\rm{cd}}}$, is 683 when expressed in units of lumen/watt.</definition>
    <aliases>
      <name>
        <singular>luminous_efficacy</singular>
        <source>SIConstant</source>
      </name>
    </aliases>
    <unit_uri>https://si-digital-framework.org/constants/LuminousEfficacy</unit_uri>
    <internal_note>Alias to SI constant added by UDUSI.</internal_note>
    <unit_class>SIConstant</unit_class>
  </unit>
  <unit>
    <def>6.62607015e-34 joule second</def>
    <name>
      <singular>Planck constant</singular>
    </name>
    <symbol>${h}$</symbol>
    <definition>Resolution 1 of the 26th CGPM (2018) states that Planck constant, ${h}$, is 6.626 070 15 x 10&#x207B;&#x00B3;&#x2074; when expressed in units of joule second.</definition>
    <aliases>
      <name>
        <singular>planck_constant</singular>
        <source>SIConstant</source>
      </name>
    </aliases>
    <unit_uri>https://si-digital-framework.org/constants/PlanckConstant</unit_uri>
    <internal_note>Alias to SI constant added by UDUSI.</internal_note>
    <unit_class>SIConstant</unit_class>
  </unit>
  <unit>
    <def>299792458 metre/second</def>
    <name>
      <singular>speed of light</singular>
    </name>
    <symbol>$c$</symbol>
    <definition>Resolution 1 of the 26th CGPM (2018) states that the speed of light in vacuum, $c$, is 299 792 458 when expressed in units of metre/second.</definition>
    <aliases>
      <name>
        <singular>speed_of_light</singular>
        <source>SIConstant</source>
      </name>
    </aliases>
    <unit_uri>https://si-digital-framework.org/constants/SpeedOfLight</unit_uri>
    <internal_note>Alias to SI constant added by UDUSI.</internal_note>
    <unit_class>SIConstant</unit_class>
  </unit>
</unit-system>