<?xml version="1.0" encoding="US-ASCII"?>
<unit-system>
  <copyright>Copyright (c) 2025 Lars B&#x00E4;rring (ascii-transcription: Lars Barring)</copyright>
  <license>CC-BY-4.0: Creative Commons Attribution 4.0 International</license>
  <provenance>Additional units information based on UDUNITS 2.2.28 (datestamped 2020-11-23 13:21:06) produced by the UDUSI package (version 0.1) on 2025-03-19.</provenance>
  <unit>
    <def>s</def>
    <definition>Unit of time, synonym for second.</definition>
    <aliases>
      <name>
        <singular>sec</singular>
        <source>UDUcommon</source>
      </name>
    </aliases>
    <unit_class>UDUcommon</unit_class>
    <quantities>TIME: time</quantities>
  </unit>
  <unit>
    <def>A</def>
    <definition>Unit of electric current, synonym for ampere.</definition>
    <aliases>
      <name>
        <singular>amp</singular>
        <source>UDUcommon</source>
      </name>
    </aliases>
    <unit_class>UDUcommon</unit_class>
    <quantities>ELCU: electric current</quantities>
  </unit>
  <unit>
    <def>K</def>
    <definition>Unit of temperature, synonym for kelvin.</definition>
    <aliases>
      <name>
        <singular>degree_kelvin</singular>
        <plural>degrees_kelvin</plural>
        <source>UDUcommon</source>
      </name>
      <name>
        <singular>degree_K</singular>
        <plural>degrees_K</plural>
        <source>UDUcommon</source>
      </name>
      <name>
        <singular>degreeK</singular>
        <plural>degreesK</plural>
        <source>UDUcommon</source>
      </name>
      <name>
        <singular>deg_K</singular>
        <plural>degs_K</plural>
        <source>UDUcommon</source>
      </name>
      <name>
        <singular>degK</singular>
        <plural>degsK</plural>
        <source>UDUcommon</source>
      </name>
      <symbol comment="DEGREE SIGN">&#x00B0;K</symbol>
    </aliases>
    <unit_class>UDUcommon</unit_class>
    <quantities>TEMT: thermodynamic temperature</quantities>
  </unit>
  <unit>
    <def>cd</def>
    <definition>Unit of luminous intensity, synonym for candela.</definition>
    <aliases>
      <name>
        <singular>candle</singular>
        <source>UDUcommon</source>
      </name>
    </aliases>
    <unit_class>UDUcommon</unit_class>
    <quantities>LUIN: luminous intensity</quantities>
  </unit>
  <unit>
    <def>mol</def>
    <alt_def>mol</alt_def>
    <definition>Unit of chemical mass, synonym for mole.</definition>
    <aliases DEPRECATED="TRUE">
      <name DEPRECATED="TRUE">
        <singular DEPRECATED="TRUE">einstein</singular>
        <source>UDUcommon</source>
      </name>
    </aliases>
    <unit_class>UDUcommon</unit_class>
    <quantities>AMSU: amount of substance</quantities>
  </unit>
  <unit>
    <def>Hz</def>
    <definition>Unit of frequency, synonym for hertz.</definition>
    <aliases>
      <name>
        <singular>baud</singular>
        <source>UDUcommon</source>
      </name>
      <symbol>Bd</symbol>
      <symbol>bps</symbol>
    </aliases>
    <unit_class>UDUcommon</unit_class>
    <quantities>FREQ: frequency</quantities>
  </unit>
  <unit>
    <def>degree_Celsius</def>
    <alt_def>K @ 273.15</alt_def>
    <definition>Unit of temperature, synonym for 'K @ 273.15' (degree_Celsius).</definition>
    <aliases>
      <name>
        <singular>celsius</singular>
        <source>UDUcommon</source>
      </name>
      <name>
        <singular>degree_C</singular>
        <plural>degrees_C</plural>
        <source>UDUcommon</source>
      </name>
      <name>
        <singular>degreeC</singular>
        <plural>degreesC</plural>
        <source>UDUcommon</source>
      </name>
      <name>
        <singular>deg_C</singular>
        <plural>degs_C</plural>
        <source>UDUcommon</source>
      </name>
      <name>
        <singular>degC</singular>
        <plural>degsC</plural>
        <source>UDUcommon</source>
      </name>
      <symbol comment="DEGREE CELSIUS">&#x2103;</symbol>
    </aliases>
    <unit_class>UDUcommon</unit_class>
    <quantities>TEMC: Celsius temperature</quantities>
  </unit>
  <unit>
    <def>knot</def>
    <alt_def>0.514444444444444 m.s-1</alt_def>
    <definition>Unit of speed, synonym for nautical_mile/hour.</definition>
    <aliases>
      <symbol>kt</symbol>
      <symbol>kts</symbol>
    </aliases>
    <comment>This unit is now outside SI, and no longer accepted for use with SI.</comment>
    <unit_class>UDUcommon</unit_class>
    <quantities>VELO: velocity</quantities>
  </unit>
  <unit>
    <def>0.01</def>
    <definition>Number of parts per hundred.</definition>
    <aliases>
      <name>
        <singular>percent</singular>
      </name>
      <symbol>%</symbol>
    </aliases>
    <comment>Constant.</comment>
    <unit_class>UDUcommon</unit_class>
    <quantities>: dimensionless ratio</quantities>
  </unit>
  <unit>
    <def>1</def>
    <definition>Parts per volume.</definition>
    <aliases DEPRECATED="TRUE">
      <symbol DEPRECATED="TRUE">ppv</symbol>
    </aliases>
    <comment>Constant.</comment>
    <note>All three units "bit", "count", and "ppv" represent unit "1", and are thus treated by UDUNITS2 as aliases to each other.</note>
    <unit_class>UDUcommon</unit_class>
    <quantities>: dimensionless ratio</quantities>
  </unit>
  <unit>
    <def>1e-6</def>
    <definition>Parts per million.</definition>
    <aliases>
      <symbol>ppm</symbol>
      <symbol DEPRECATED="TRUE">ppmv</symbol>
    </aliases>
    <comment>Constant.</comment>
    <unit_class>UDUcommon</unit_class>
    <quantities>: dimensionless ratio</quantities>
  </unit>
  <unit DEPRECATED="TRUE">
    <def>1e-9</def>
    <definition>Parts per billion.</definition>
    <aliases DEPRECATED="TRUE">
      <symbol DEPRECATED="TRUE">ppb</symbol>
      <symbol DEPRECATED="TRUE">ppbv</symbol>
    </aliases>
    <comment>Constant.</comment>
    <unit_class>UDUcommon</unit_class>
    <quantities>: dimensionless ratio</quantities>
  </unit>
  <unit DEPRECATED="TRUE">
    <def>1e-12</def>
    <definition>Parts per trillion.</definition>
    <aliases DEPRECATED="TRUE">
      <symbol DEPRECATED="TRUE">ppt</symbol>
      <symbol DEPRECATED="TRUE">pptv</symbol>
    </aliases>
    <comment>Constant.</comment>
    <unit_class>UDUcommon</unit_class>
    <quantities>: dimensionless ratio</quantities>
  </unit>
  <unit DEPRECATED="TRUE">
    <def>1e-15</def>
    <definition>Parts per quadrillion.</definition>
    <aliases DEPRECATED="TRUE">
      <symbol DEPRECATED="TRUE">ppq</symbol>
      <symbol DEPRECATED="TRUE">ppqv</symbol>
    </aliases>
    <comment>Constant.</comment>
    <unit_class>UDUcommon</unit_class>
    <quantities>: dimensionless ratio</quantities>
  </unit>
  <unit>
    <def>0.9 arc_degree</def>
    <alt_def>0.015707963267949 rad</alt_def>
    <definition>1/100 of a right angle (90 degrees).</definition>
    <aliases>
      <name>
        <singular>grade</singular>
      </name>
    </aliases>
    <unit_class>UDUcommon</unit_class>
    <quantities>ANGP: plane angle</quantities>
  </unit>
  <unit>
    <def>2 pi rad</def>
    <definition>Unit of angle in a plane signifying a full 360-degree circle.</definition>
    <aliases>
      <name>
        <singular>circle</singular>
      </name>
      <name>
        <singular>cycle</singular>
      </name>
      <name>
        <singular>turn</singular>
      </name>
      <name>
        <singular>revolution</singular>
      </name>
      <name>
        <singular>rotation</singular>
      </name>
    </aliases>
    <unit_class>UDUcommon</unit_class>
    <quantities>ANGP: plane angle</quantities>
  </unit>
  <unit>
    <def>arc_degree</def>
    <alt_def>0.0174532925199433 rad</alt_def>
    <definition>Unit of angle on a sphere.</definition>
    <aliases>
      <name>
        <singular>degree_north</singular>
        <plural>degrees_north</plural>
        <source>UDUcommon</source>
      </name>
      <name>
        <singular>degree_N</singular>
        <plural>degrees_N</plural>
        <source>UDUcommon</source>
      </name>
      <name>
        <singular>degreeN</singular>
        <plural>degreesN</plural>
        <source>UDUcommon</source>
      </name>
      <name>
        <singular>degree_east</singular>
        <plural>degrees_east</plural>
        <source>UDUcommon</source>
      </name>
      <name>
        <singular>degree_E</singular>
        <plural>degrees_E</plural>
        <source>UDUcommon</source>
      </name>
      <name>
        <singular>degreeE</singular>
        <plural>degreesE</plural>
        <source>UDUcommon</source>
      </name>
      <name>
        <singular>degree_true</singular>
        <plural>degrees_true</plural>
        <source>UDUcommon</source>
      </name>
      <name>
        <singular>degree_T</singular>
        <plural>degrees_T</plural>
        <source>UDUcommon</source>
      </name>
      <name>
        <singular>degreeT</singular>
        <plural>degreesT</plural>
        <source>UDUcommon</source>
      </name>
    </aliases>
    <comment>Compass direction aliases are required by Climate and Forecasting Conventions that for historic reasons encode geographic coordinate axes information (latitude/longitude) in the unit.</comment>
    <unit_class>UDUcommon</unit_class>
    <quantities>ANGP: plane angle</quantities>
  </unit>
  <unit>
    <def>-1 degree_east</def>
    <alt_def>-0.0174532925199433 rad</alt_def>
    <definition>Unit of angle on a sphere (units for negative direction).</definition>
    <aliases>
      <name>
        <singular>degree_west</singular>
        <plural>degrees_west</plural>
      </name>
      <name>
        <singular>degree_W</singular>
        <plural>degrees_W</plural>
      </name>
      <name>
        <singular>degreeW</singular>
        <plural>degreesW</plural>
      </name>
    </aliases>
    <unit_class>UDUcommon</unit_class>
    <quantities>ANGP: plane angle</quantities>
  </unit>
  <unit>
    <def>2.916667e-2 kg</def>
    <definition>Reference unit of mass for a body of ore; roughly equal to 29167 milligrams.</definition>
    <aliases>
      <name>
        <singular>assay_ton</singular>
      </name>
    </aliases>
    <unit_class>UDUcommon</unit_class>
    <quantities>MASS: mass</quantities>
  </unit>
  <unit>
    <def>2.834952e-2 kg</def>
    <definition>Unit of mass equal to 1/16 avoirdupois pound, commonly used in the United States (16 oz = 1 pound = 7000 grains).</definition>
    <aliases>
      <name>
        <singular>avoirdupois_ounce</singular>
      </name>
    </aliases>
    <unit_class>UDUcommon</unit_class>
    <quantities>MASS: mass</quantities>
  </unit>
  <unit>
    <def>4.5359237e-1 kg</def>
    <definition>Unit of mass in avoirdupois system of weights (a system commonly used in United States).</definition>
    <aliases>
      <name>
        <singular>avoirdupois_pound</singular>
      </name>
      <name>
        <singular>pound</singular>
      </name>
      <symbol>lb</symbol>
    </aliases>
    <unit_class>UDUcommon</unit_class>
    <quantities>MASS: mass</quantities>
  </unit>
  <unit>
    <def>2e-4 kg</def>
    <definition>Unit of mass equal to 0.2 gram (defined 1907).</definition>
    <aliases>
      <name>
        <singular>carat</singular>
      </name>
    </aliases>
    <unit_class>UDUcommon</unit_class>
    <quantities>MASS: mass</quantities>
  </unit>
  <unit>
    <def>6.479891e-5 kg</def>
    <definition>Unit of mass equal to 1/7000 pound.</definition>
    <aliases>
      <name>
        <singular>grain</singular>
      </name>
      <symbol>gr</symbol>
    </aliases>
    <unit_class>UDUcommon</unit_class>
    <quantities>MASS: mass</quantities>
  </unit>
  <unit>
    <def>5.080235e1 kg</def>
    <definition>Unit of mass; a British hundredweight, which is 8 stone * 14 pounds/stone.</definition>
    <aliases>
      <name>
        <singular>long_hundredweight</singular>
      </name>
    </aliases>
    <unit_class>UDUcommon</unit_class>
    <quantities>MASS: mass</quantities>
  </unit>
  <unit>
    <def>1.555174e-3 kg</def>
    <definition>Unit of mass; based on historical US troy weight system (is 1/20 troy ounce).</definition>
    <aliases>
      <name>
        <singular>pennyweight</singular>
      </name>
    </aliases>
    <unit_class>UDUcommon</unit_class>
    <quantities>MASS: mass</quantities>
  </unit>
  <unit>
    <def>4.535924e1 kg</def>
    <definition>Unit of mass, a US hundredweight, which is 100 pounds.</definition>
    <aliases>
      <name>
        <singular>short_hundredweight</singular>
      </name>
    </aliases>
    <unit_class>UDUcommon</unit_class>
    <quantities>MASS: mass</quantities>
  </unit>
  <unit>
    <def>14.59390 kg</def>
    <definition>Unit of mass associated with Imperial units; a mass that accelerates by 1 ft/s2 when a force of one pound-force (lbF) is exerted on it.</definition>
    <aliases>
      <name>
        <singular>slug</singular>
      </name>
    </aliases>
    <unit_class>UDUcommon</unit_class>
    <quantities>MASS: mass</quantities>
  </unit>
  <unit>
    <def>3.110348e-2 kg</def>
    <definition>Unit of mass; based on historical US troy weight system (is 1/12 troy pound).</definition>
    <aliases>
      <name>
        <singular>troy_ounce</singular>
      </name>
      <name>
        <singular>apothecary_ounce</singular>
      </name>
    </aliases>
    <unit_class>UDUcommon</unit_class>
    <quantities>MASS: mass</quantities>
  </unit>
  <unit>
    <def>3.732417e-1 kg</def>
    <definition>Unit of mass; based on historical US troy weight system (is 5760 grain).</definition>
    <aliases>
      <name>
        <singular>troy_pound</singular>
      </name>
      <name>
        <singular>apothecary_pound</singular>
      </name>
    </aliases>
    <unit_class>UDUcommon</unit_class>
    <quantities>MASS: mass</quantities>
  </unit>
  <unit>
    <def>20 grain</def>
    <alt_def>0.0012959782 kg</alt_def>
    <definition>Unit of mass in apothecaries' weight system (is 1/3 apdram).</definition>
    <aliases>
      <name>
        <singular>scruple</singular>
      </name>
    </aliases>
    <unit_class>UDUcommon</unit_class>
    <quantities>MASS: mass</quantities>
  </unit>
  <unit>
    <def>60 grain</def>
    <alt_def>0.0038879346 kg</alt_def>
    <definition>Unit of mass in apothecaries' weight system (is 1/8 apounce).</definition>
    <aliases>
      <name>
        <singular>apdram</singular>
      </name>
    </aliases>
    <unit_class>UDUcommon</unit_class>
    <quantities>MASS: mass</quantities>
  </unit>
  <unit>
    <def>avoirdupois_ounce/16</def>
    <alt_def>0.001771845 kg</alt_def>
    <definition>Unit of mass in the avoirdupois system (the system commonly used in the United States).</definition>
    <aliases>
      <name>
        <singular>dram</singular>
      </name>
      <symbol>dr</symbol>
    </aliases>
    <unit_class>UDUcommon</unit_class>
    <quantities>MASS: mass</quantities>
  </unit>
  <unit>
    <def>480 grain</def>
    <alt_def>0.0311034768 kg</alt_def>
    <definition>Unit of mass in apothecaries' weight system (is 1/16 appound).</definition>
    <aliases>
      <name>
        <singular>apounce</singular>
      </name>
    </aliases>
    <unit_class>UDUcommon</unit_class>
    <quantities>MASS: mass</quantities>
  </unit>
  <unit>
    <def>5760 grain</def>
    <alt_def>0.3732417216 kg</alt_def>
    <definition>Unit of mass in apothecaries' weight system (is same as a troy pound).</definition>
    <aliases>
      <name>
        <singular>appound</singular>
      </name>
    </aliases>
    <unit_class>UDUcommon</unit_class>
    <quantities>MASS: mass</quantities>
  </unit>
  <unit>
    <def>94 pound</def>
    <alt_def>42.63768278 kg</alt_def>
    <definition>Unit of mass, for a traditional bag of portland cement.</definition>
    <aliases>
      <name>
        <singular>bag</singular>
      </name>
    </aliases>
    <unit_class>UDUcommon</unit_class>
    <quantities>MASS: mass</quantities>
  </unit>
  <unit>
    <def>2000 pound</def>
    <alt_def>907.18474 kg</alt_def>
    <definition>Unit of mass based on US weight system.</definition>
    <aliases>
      <name>
        <singular>short_ton</singular>
      </name>
      <name>
        <singular>ton</singular>
      </name>
    </aliases>
    <unit_class>UDUcommon</unit_class>
    <quantities>MASS: mass</quantities>
  </unit>
  <unit>
    <def>2240 pound</def>
    <alt_def>1016.0469088 kg</alt_def>
    <definition>Unit of mass based on British imperial weight system.</definition>
    <aliases>
      <name>
        <singular>long_ton</singular>
      </name>
    </aliases>
    <unit_class>UDUcommon</unit_class>
    <quantities>MASS: mass</quantities>
  </unit>
  <unit>
    <def>1e-15 m</def>
    <definition>Unit of length equal to 10e-15 meters, a typical length-scale of nuclear physics.</definition>
    <aliases>
      <name>
        <singular>fermi</singular>
      </name>
    </aliases>
    <unit_class>UDUcommon</unit_class>
    <quantities>LENG: length</quantities>
  </unit>
  <unit>
    <def>9.46073e15 m</def>
    <definition>Unit of length equal to the distance traversed by light in one mean solar year (365.2422 days), a typical length-scale of astronomy.</definition>
    <aliases>
      <name>
        <singular>light_year</singular>
      </name>
    </aliases>
    <unit_class>UDUcommon</unit_class>
    <quantities>LENG: length</quantities>
  </unit>
  <unit>
    <def>1e-6 m</def>
    <definition>Unit of length, a typical length-scale of technology and science fields.</definition>
    <aliases>
      <name>
        <singular>micron</singular>
      </name>
    </aliases>
    <unit_class>UDUcommon</unit_class>
    <quantities>LENG: length</quantities>
  </unit>
  <unit>
    <def>2.54e-5 m</def>
    <definition>Unit of length equal to 0.001 inch, a typical length-scale for measuring wire diameters.</definition>
    <aliases>
      <name>
        <singular>mil</singular>
      </name>
    </aliases>
    <unit_class>UDUcommon</unit_class>
    <quantities>LENG: length</quantities>
  </unit>
  <unit>
    <def>3.085678e16 m</def>
    <definition>Unit of length corresponding to the distance at which the mean radius of the earth's orbit subtends an angle of one second of arc, a typical length-scale of astronomy.</definition>
    <aliases>
      <name>
        <singular>parsec</singular>
      </name>
    </aliases>
    <unit_class>UDUcommon</unit_class>
    <quantities>LENG: length</quantities>
  </unit>
  <unit>
    <def>3.514598e-4 m</def>
    <definition>Unit of length equal to 1/72.27 inch, the original (standardized 1886) unit for measuring font size and other small items on a printed page (see also big_point).</definition>
    <aliases>
      <name>
        <singular>printers_point</singular>
      </name>
    </aliases>
    <unit_class>UDUcommon</unit_class>
    <quantities>LENG: length</quantities>
  </unit>
  <unit>
    <def>2.011684e1 m</def>
    <definition>Unit of length equal to 66 feet (4 poles), or 1/10 furlong, a typical (historical) scale of land surveying.</definition>
    <aliases>
      <name>
        <singular>chain</singular>
      </name>
    </aliases>
    <unit_class>UDUcommon</unit_class>
    <quantities>LENG: length</quantities>
  </unit>
  <unit>
    <def>12 printers_point</def>
    <alt_def>0.0042175176 m</alt_def>
    <definition>Unit of length equal to 1/6 inch (12 printers points).</definition>
    <aliases>
      <name>
        <singular>printers_pica</singular>
      </name>
      <name>
        <singular>pica</singular>
      </name>
    </aliases>
    <unit_class>UDUcommon</unit_class>
    <quantities>LENG: length</quantities>
  </unit>
  <unit>
    <def>nautical_mile</def>
    <alt_def>1852 m</alt_def>
    <definition>Unit of length in the US Customary System, equal to 6,076 feet; typically used for air and sea navigation.</definition>
    <aliases>
      <name>
        <singular>nmile</singular>
      </name>
    </aliases>
    <unit_class>UDUcommon</unit_class>
    <quantities>LENG: length</quantities>
  </unit>
  <unit>
    <def>(1200/3937) m</def>
    <alt_def>0.304800609601219 m</alt_def>
    <definition>Unit of length used for earlier survey data in some countries, slightly different than the current international foot.</definition>
    <aliases>
      <name>
        <singular>US_survey_foot</singular>
        <plural>US_survey_feet</plural>
      </name>
    </aliases>
    <unit_class>UDUcommon</unit_class>
    <quantities>LENG: length</quantities>
  </unit>
  <unit>
    <def>3 US_survey_feet</def>
    <alt_def>0.914401828803658 m</alt_def>
    <definition>Unit of length used in earlier survey data in some countries, slightly different than the current international yard.</definition>
    <aliases>
      <name>
        <singular>US_survey_yard</singular>
      </name>
    </aliases>
    <unit_class>UDUcommon</unit_class>
    <quantities>LENG: length</quantities>
  </unit>
  <unit>
    <def>5280 US_survey_feet</def>
    <alt_def>1609.34721869444 m</alt_def>
    <definition>Unit of length used for earlier survey data in some countries, slightly slightly different than the current international mile.</definition>
    <aliases>
      <name>
        <singular>US_survey_mile</singular>
      </name>
      <name>
        <singular>US_statute_mile</singular>
      </name>
    </aliases>
    <unit_class>UDUcommon</unit_class>
    <quantities>LENG: length</quantities>
  </unit>
  <unit>
    <def>16.5 US_survey_feet</def>
    <alt_def>5.02921005842012 m</alt_def>
    <definition>Unit of length equal to one-fourth of a surveyor's chain.</definition>
    <aliases>
      <name>
        <singular>rod</singular>
      </name>
      <name>
        <singular>pole</singular>
      </name>
      <name>
        <singular>perch</singular>
      </name>
    </aliases>
    <unit_class>UDUcommon</unit_class>
    <quantities>LENG: length</quantities>
  </unit>
  <unit>
    <def>660 US_survey_feet</def>
    <alt_def>201.168402336805 m</alt_def>
    <definition>Unit of length equal to 1/8 mile or 10 chains.</definition>
    <aliases>
      <name>
        <singular>furlong</singular>
      </name>
    </aliases>
    <unit_class>UDUcommon</unit_class>
    <quantities>LENG: length</quantities>
  </unit>
  <unit>
    <def>6 US_survey_feet</def>
    <alt_def>1.82880365760732 m</alt_def>
    <definition>Unit of length equal to 6 feet in the imperial and US customary systems, typically used for measuring depth of water.</definition>
    <aliases>
      <name>
        <singular>fathom</singular>
      </name>
    </aliases>
    <unit_class>UDUcommon</unit_class>
    <quantities>LENG: length</quantities>
  </unit>
  <unit>
    <def>2.54 cm</def>
    <alt_def>0.0254 m</alt_def>
    <definition>Unit of length equal to 25.4 mm by definition, used in imperial and US customary systems.</definition>
    <aliases>
      <name>
        <singular>international_inch</singular>
      </name>
      <name>
        <singular>inch</singular>
      </name>
      <symbol>in</symbol>
    </aliases>
    <unit_class>UDUcommon</unit_class>
    <quantities>LENG: length</quantities>
  </unit>
  <unit>
    <def>12 international_inches</def>
    <alt_def>0.3048 m</alt_def>
    <definition>Unit of length equal to 12 international inches, in the imperial and US customary systems; primarily used in the United States.</definition>
    <aliases>
      <name>
        <singular>international_foot</singular>
        <plural>international_feet</plural>
      </name>
      <name>
        <singular>foot</singular>
        <plural>feet</plural>
      </name>
      <symbol>ft</symbol>
    </aliases>
    <unit_class>UDUcommon</unit_class>
    <quantities>LENG: length</quantities>
  </unit>
  <unit>
    <def>3 international_feet</def>
    <alt_def>0.9144 m</alt_def>
    <definition>Unit of length equal to 3 international feet, in the imperial and US customary systems; primarily used in the United States.</definition>
    <aliases>
      <name>
        <singular>international_yard</singular>
      </name>
      <name>
        <singular>yard</singular>
      </name>
      <symbol>yd</symbol>
    </aliases>
    <unit_class>UDUcommon</unit_class>
    <quantities>LENG: length</quantities>
  </unit>
  <unit>
    <def>5280 international_feet</def>
    <alt_def>1609.344 m</alt_def>
    <definition>Unit of length equal to 5280 feet, equal to 12 international inches, in the imperial and US customary systems; primarily used in the United States and other smaller countries with ties to the US or United Kingdom.</definition>
    <aliases>
      <name>
        <singular>international_mile</singular>
      </name>
      <name>
        <singular>mile</singular>
      </name>
      <symbol>mi</symbol>
    </aliases>
    <unit_class>UDUcommon</unit_class>
    <quantities>LENG: length</quantities>
  </unit>
  <unit>
    <def>inch/72</def>
    <alt_def>0.000352777777777778 m</alt_def>
    <definition>Unit of length equal to 1/72 inch, standardized unit in modern computer-based publishing for measuring font size and other small items on a printed page (contrast to printers_point).</definition>
    <aliases>
      <name>
        <singular>big_point</singular>
      </name>
    </aliases>
    <unit_class>UDUcommon</unit_class>
    <quantities>LENG: length</quantities>
  </unit>
  <unit>
    <def>inch/3</def>
    <alt_def>0.00846666666666667 m</alt_def>
    <definition>Unit of length based in medieval laws of England and Wales, defining an inch as being 3 barleycorns long (length of a corn of barley); still the basis for current shoe sizes in Great Britain and Ireland.</definition>
    <aliases>
      <name>
        <singular>barleycorn</singular>
      </name>
    </aliases>
    <unit_class>UDUcommon</unit_class>
    <quantities>LENG: length</quantities>
  </unit>
  <unit>
    <def>191.835 foot</def>
    <alt_def>58.471308 m</alt_def>
    <definition>Unit of length in French regions; a linear arpent is of length 10 perch (10 rod).</definition>
    <aliases>
      <name>
        <singular>arpentlin</singular>
      </name>
    </aliases>
    <unit_class>UDUcommon</unit_class>
    <quantities>LENG: length</quantities>
  </unit>
  <unit>
    <def>rotation/s</def>
    <alt_def>6.28318530717959 rad.s-1</alt_def>
    <definition>Unit of angular velocity.</definition>
    <aliases>
      <name>
        <singular>rotation_per_second</singular>
        <plural>rotations_per_second</plural>
      </name>
      <symbol>rps</symbol>
      <symbol>cps</symbol>
    </aliases>
    <unit_class>UDUcommon</unit_class>
    <quantities>ANGF: angular frequency</quantities>
  </unit>
  <unit>
    <def>rotation/min</def>
    <alt_def>0.10471975511966 rad.s-1</alt_def>
    <definition>Unit of angular velocity measuring the angular distance covered by a rotating object, divided by the amount of time used to cover that distance; measured perpendicular to the plane of rotation, with direction usually indicated by the right-hand rule.</definition>
    <aliases>
      <symbol>rpm</symbol>
    </aliases>
    <unit_class>UDUcommon</unit_class>
    <quantities>ANGF: angular frequency</quantities>
  </unit>
  <unit>
    <def>1.111111e-7 kg/m</def>
    <definition>Unit of lineic mass density for fibers, equal to the mass in grams per 9000 meters (more common in United States and United Kingdom); a single strand of silk is approximately one denier.</definition>
    <aliases>
      <name>
        <singular>denier</singular>
      </name>
    </aliases>
    <unit_class>UDUcommon</unit_class>
  </unit>
  <unit>
    <def>1e-6 kg/m</def>
    <definition>Unit of lineic mass density for fibers, defined as mass in grams per 1000 meters (more common in Canada and Continental Europe).</definition>
    <aliases>
      <name>
        <singular>tex</singular>
      </name>
    </aliases>
    <unit_class>UDUcommon</unit_class>
  </unit>
  <unit>
    <def>5.72135e-11 kg/(Pa.s.m^2)</def>
    <definition>Unit of mass per unit time (includes flow) for how fast water vapor flows through substance, or permeance; equals 1 gram of water vapor per hour, per square meter, per millimeter of mercury at 0 degrees C.</definition>
    <aliases>
      <name>
        <singular>perm_0C</singular>
        <plural>perms_0C</plural>
      </name>
    </aliases>
    <unit_class>UDUcommon</unit_class>
  </unit>
  <unit>
    <def>5.74525e-11 kg/(Pa.s.m^2)</def>
    <definition>Unit of mass per unit time for how fast water vapor flows through substance, or permeance; equals 1 gram of water vapor per hour, per square meter, per millimeter of mercury at 23 degrees C.</definition>
    <aliases>
      <name>
        <singular>perm_23C</singular>
        <plural>perms_23C</plural>
      </name>
    </aliases>
    <unit_class>UDUcommon</unit_class>
  </unit>
  <unit>
    <def>5.067075e-10 m^2</def>
    <definition>Unit of area equal to the area of a one-mil diameter circle.</definition>
    <aliases>
      <name>
        <singular>circular_mil</singular>
      </name>
    </aliases>
    <unit_class>UDUcommon</unit_class>
    <quantities>AREA: area</quantities>
  </unit>
  <unit>
    <def>9.869233e-13 m^2</def>
    <definition>Unit of area for measuring permeability to fluid, equal to 1 cubic centimeter of fluid with 1 centipoise viscosity in 1 second through a 1-square-centimeter cross section of porous medium 1 centimeter long at 1 atmosphere.</definition>
    <aliases>
      <name>
        <singular>darcy</singular>
      </name>
    </aliases>
    <comment>Porous solid permeability.</comment>
    <unit_class>UDUcommon</unit_class>
    <quantities>AREA: area</quantities>
  </unit>
  <unit>
    <def>160 rod^2</def>
    <alt_def>4046.87260987425 m2</alt_def>
    <definition>Unit of area in the US Customary System, used in land and sea floor measurement, equal to 43560 square feet.</definition>
    <aliases>
      <name>
        <singular>acre</singular>
      </name>
    </aliases>
    <unit_class>UDUcommon</unit_class>
    <quantities>AREA: area</quantities>
  </unit>
  <unit>
    <def>1.233489e3 m^3</def>
    <definition>Unit of volume used to describe large-scale water resources in the United State; equal to the volume of one acre of surface area with one foot of depth depth.</definition>
    <aliases>
      <name>
        <singular>acre_foot</singular>
        <plural>acre_feet</plural>
      </name>
    </aliases>
    <comment>An "acre.foot", however, is 1233.4867714897 m^3.  Odd.</comment>
    <unit_class>UDUcommon</unit_class>
    <quantities>VOLU: volume</quantities>
  </unit>
  <unit>
    <def>2.359737e-3 m^3</def>
    <definition>Unit of volume equal to the cubic contents of a piece of lumber one foot square and one inch thick, used in measuring logs and lumber in the United States and Canada.</definition>
    <aliases>
      <name>
        <singular>board_foot</singular>
        <plural>board_feet</plural>
      </name>
    </aliases>
    <unit_class>UDUcommon</unit_class>
    <quantities>VOLU: volume</quantities>
  </unit>
  <unit>
    <def>3.523907e-2 m^3</def>
    <definition>Unit of volume defined as 2150.42 cubic inches or 4 pecks in the US Customary system (and formerly in England), where it is used as a dry measure.</definition>
    <aliases>
      <name>
        <singular>bushel</singular>
      </name>
      <symbol>bu</symbol>
    </aliases>
    <unit_class>UDUcommon</unit_class>
    <quantities>VOLU: volume</quantities>
  </unit>
  <unit>
    <def>bushel/4</def>
    <alt_def>0.0088097675 m3</alt_def>
    <definition>Unit of volume defined as 537.6 cubic inches  in the US Customary system (and formerly in England), where it is used as a dry measure.</definition>
    <aliases>
      <name>
        <singular>peck</singular>
      </name>
      <symbol>pk</symbol>
    </aliases>
    <unit_class>UDUcommon</unit_class>
    <quantities>VOLU: volume</quantities>
  </unit>
  <unit>
    <def>4.546090e-3 m^3</def>
    <definition>Unit of volume for liquids in the Imperial system.</definition>
    <aliases>
      <name>
        <singular>Canadian_liquid_gallon</singular>
      </name>
    </aliases>
    <unit_class>UDUcommon</unit_class>
    <quantities>VOLU: volume</quantities>
  </unit>
  <unit>
    <def>4.404884e-3 m^3</def>
    <definition>Unit of volume for dry measure in the US Customary system, defined as 1/2 peck or 1/8 bushel.</definition>
    <aliases>
      <name>
        <singular>US_dry_gallon</singular>
      </name>
    </aliases>
    <unit_class>UDUcommon</unit_class>
    <quantities>VOLU: volume</quantities>
  </unit>
  <unit DEPRECATED="TRUE">
    <def>cm^3</def>
    <alt_def>1e-06 m3</alt_def>
    <definition>Unit of volume equal to the volume of a cube 1 centimeter on each side.</definition>
    <aliases DEPRECATED="TRUE">
      <symbol DEPRECATED="TRUE">cc</symbol>
    </aliases>
    <unit_class>UDUcommon</unit_class>
    <quantities>VOLU: volume</quantities>
  </unit>
  <unit>
    <def>1 m^3</def>
    <definition>Unit of volume equal to a cubic meter, originally defined primarily as a measure for firewood.</definition>
    <aliases>
      <name>
        <singular>stere</singular>
      </name>
    </aliases>
    <unit_class>UDUcommon</unit_class>
    <quantities>VOLU: volume</quantities>
  </unit>
  <unit>
    <def>2.831685 m^3</def>
    <definition>Unit of volume used for internal capacity of ships, equal to 100 cubic feet.</definition>
    <aliases>
      <name>
        <singular>register_ton</singular>
      </name>
    </aliases>
    <unit_class>UDUcommon</unit_class>
    <quantities>VOLU: volume</quantities>
  </unit>
  <unit>
    <def>US_dry_gallon/4</def>
    <alt_def>0.001101221 m3</alt_def>
    <definition>Unit of volume for dry measure in the US Customary system, equal to 1/32 US bushel.</definition>
    <aliases>
      <name>
        <singular>US_dry_quart</singular>
      </name>
      <name>
        <singular>dry_quart</singular>
      </name>
    </aliases>
    <unit_class>UDUcommon</unit_class>
    <quantities>VOLU: volume</quantities>
  </unit>
  <unit>
    <def>US_dry_gallon/8</def>
    <alt_def>0.0005506105 m3</alt_def>
    <definition>Unit of volume for dry measure in the US Customary system, equal to 1/2 US dry quart.</definition>
    <aliases>
      <name>
        <singular>US_dry_pint</singular>
      </name>
      <name>
        <singular>dry_pint</singular>
      </name>
    </aliases>
    <unit_class>UDUcommon</unit_class>
    <quantities>VOLU: volume</quantities>
  </unit>
  <unit>
    <def>3.785412e-3 m^3</def>
    <definition>Unit of volume for liquid measure in the US Customary system, defined as 3.785412 liters.</definition>
    <aliases>
      <name>
        <singular>US_liquid_gallon</singular>
      </name>
      <name>
        <singular>liquid_gallon</singular>
      </name>
      <name>
        <singular>gallon</singular>
      </name>
    </aliases>
    <unit_class>UDUcommon</unit_class>
    <quantities>VOLU: volume</quantities>
  </unit>
  <unit>
    <def>42 US_liquid_gallon</def>
    <alt_def>0.158987304 m3</alt_def>
    <definition>Unit of volume used by US and Canadian petroleum organizations.</definition>
    <aliases>
      <name>
        <singular>barrel</singular>
      </name>
      <symbol>bbl</symbol>
    </aliases>
    <comment>The following is the definition of the petroleum industry.</comment>
    <unit_class>UDUcommon</unit_class>
    <quantities>VOLU: volume</quantities>
  </unit>
  <unit>
    <def>barrel/4</def>
    <alt_def>0.039746826 m3</alt_def>
    <definition>Unit of volume whose exact quantity depends on the type of barrel on which it is defined; in this table it is defined based on the oil barrel used by the petroleum industry.</definition>
    <aliases>
      <name>
        <singular>firkin</singular>
      </name>
    </aliases>
    <comment>The following is exact regardless of the definition of "barrel".</comment>
    <unit_class>UDUcommon</unit_class>
    <quantities>VOLU: volume</quantities>
  </unit>
  <unit>
    <def>US_liquid_gallon/4</def>
    <alt_def>0.000946353 m3</alt_def>
    <definition>Unit of volume for liquid measure in the US Customary system, equal to 1/4 liquid gallon.</definition>
    <aliases>
      <name>
        <singular>US_liquid_quart</singular>
      </name>
      <name>
        <singular>liquid_quart</singular>
      </name>
      <name>
        <singular>quart</singular>
      </name>
    </aliases>
    <unit_class>UDUcommon</unit_class>
    <quantities>VOLU: volume</quantities>
  </unit>
  <unit>
    <def>US_liquid_gallon/8</def>
    <alt_def>0.0004731765 m3</alt_def>
    <definition>Unit of volume for liquid measure in the US Customary system, equal to 1/8 liquid gallon.</definition>
    <aliases>
      <name>
        <singular>US_liquid_pint</singular>
      </name>
      <name>
        <singular>liquid_pint</singular>
      </name>
      <name>
        <singular>pint</singular>
      </name>
      <symbol>pt</symbol>
    </aliases>
    <unit_class>UDUcommon</unit_class>
    <quantities>VOLU: volume</quantities>
  </unit>
  <unit>
    <def>US_liquid_gallon/16</def>
    <alt_def>0.00023658825 m3</alt_def>
    <definition>Unit of volume for liquid measure in the US Customary system, equal to 1/16 liquid gallon.</definition>
    <aliases>
      <name>
        <singular>US_liquid_cup</singular>
      </name>
      <name>
        <singular>liquid_cup</singular>
      </name>
      <name>
        <singular>cup</singular>
      </name>
    </aliases>
    <unit_class>UDUcommon</unit_class>
    <quantities>VOLU: volume</quantities>
  </unit>
  <unit>
    <def>US_liquid_gallon/32</def>
    <alt_def>0.000118294125 m3</alt_def>
    <definition>Unit of volume for liquid measure in the US Customary system, equal to 1/32 liquid gallon.</definition>
    <aliases>
      <name>
        <singular>US_liquid_gill</singular>
      </name>
      <name>
        <singular>liquid_gill</singular>
      </name>
      <name>
        <singular>gill</singular>
      </name>
    </aliases>
    <unit_class>UDUcommon</unit_class>
    <quantities>VOLU: volume</quantities>
  </unit>
  <unit>
    <def>US_liquid_gallon/128</def>
    <alt_def>2.957353125e-05 m3</alt_def>
    <definition>Unit of volume for liquid measure in the US Customary system, equal to 1/128 liquid gallon.</definition>
    <aliases>
      <name>
        <singular>US_fluid_ounce</singular>
      </name>
      <name>
        <singular>US_liquid_ounce</singular>
      </name>
      <name>
        <singular>fluid_ounce</singular>
      </name>
      <name>
        <singular>liquid_ounce</singular>
      </name>
      <symbol>oz</symbol>
      <symbol>floz</symbol>
    </aliases>
    <unit_class>UDUcommon</unit_class>
    <quantities>VOLU: volume</quantities>
  </unit>
  <unit>
    <def>US_fluid_ounce/2</def>
    <alt_def>1.4786765625e-05 m3</alt_def>
    <definition>Unit of volume for liquid measure in the US Customary system, equal to 1/2 liquid ounce.</definition>
    <aliases>
      <name>
        <singular>tablespoon</singular>
      </name>
      <symbol>Tbl</symbol>
      <symbol>Tbsp</symbol>
      <symbol>tbsp</symbol>
      <symbol>Tblsp</symbol>
      <symbol>tblsp</symbol>
    </aliases>
    <unit_class>UDUcommon</unit_class>
    <quantities>VOLU: volume</quantities>
  </unit>
  <unit>
    <def>US_fluid_ounce/8</def>
    <alt_def>3.69669140625e-06 m3</alt_def>
    <definition>Unit of volume for liquid measure in the apothecary system, equal to 1/8 liquid ounce.</definition>
    <aliases>
      <name>
        <singular>fluid_dram</singular>
      </name>
      <symbol>fldr</symbol>
    </aliases>
    <unit_class>UDUcommon</unit_class>
    <quantities>VOLU: volume</quantities>
  </unit>
  <unit>
    <def>tablespoon/3</def>
    <alt_def>4.928921875e-06 m3</alt_def>
    <definition>Unit of volume defined as 1/3 tablespoon, the actual volume of which can vary depending on the measurement system (but is based on the US Customary system in this database).</definition>
    <aliases>
      <name>
        <singular>teaspoon</singular>
      </name>
      <symbol>tsp</symbol>
    </aliases>
    <unit_class>UDUcommon</unit_class>
    <quantities>VOLU: volume</quantities>
  </unit>
  <unit>
    <def>4.546090e-3 m^3</def>
    <definition>Unit of volume for liquid measure in the Imperial system.</definition>
    <aliases>
      <name>
        <singular>UK_liquid_gallon</singular>
        <source>UDUcommon</source>
      </name>
    </aliases>
    <unit_class>UDUcommon</unit_class>
    <quantities>VOLU: volume</quantities>
  </unit>
  <unit>
    <def>UK_liquid_gallon/4</def>
    <alt_def>0.0011365225 m3</alt_def>
    <definition>Unit of volume for liquid measure in the Imperial system, equal to 1/4 liquid gallon.</definition>
    <aliases>
      <name>
        <singular>UK_liquid_quart</singular>
      </name>
    </aliases>
    <unit_class>UDUcommon</unit_class>
    <quantities>VOLU: volume</quantities>
  </unit>
  <unit>
    <def>UK_liquid_gallon/8</def>
    <alt_def>0.00056826125 m3</alt_def>
    <definition>Unit of volume for liquid measure in the Imperial system, equal to 1/8 liquid gallon.</definition>
    <aliases>
      <name>
        <singular>UK_liquid_pint</singular>
      </name>
    </aliases>
    <unit_class>UDUcommon</unit_class>
    <quantities>VOLU: volume</quantities>
  </unit>
  <unit>
    <def>UK_liquid_gallon/16</def>
    <alt_def>0.000284130625 m3</alt_def>
    <definition>Unit of volume for liquid measure in the Imperial system, equal to 1/16 liquid gallon.</definition>
    <aliases>
      <name>
        <singular>UK_liquid_cup</singular>
      </name>
    </aliases>
    <unit_class>UDUcommon</unit_class>
    <quantities>VOLU: volume</quantities>
  </unit>
  <unit>
    <def>UK_liquid_gallon/32</def>
    <alt_def>0.0001420653125 m3</alt_def>
    <definition>Unit of volume for liquid measure in the Imperial system, equal to 1/32 liquid gallon.</definition>
    <aliases>
      <name>
        <singular>UK_liquid_gill</singular>
      </name>
    </aliases>
    <unit_class>UDUcommon</unit_class>
    <quantities>VOLU: volume</quantities>
  </unit>
  <unit>
    <def>UK_liquid_gallon/160</def>
    <alt_def>2.84130625e-05 m3</alt_def>
    <definition>Unit of volume for liquid measure in the Imperial system, equal to 1/160 liquid gallon.</definition>
    <aliases>
      <name>
        <singular>UK_fluid_ounce</singular>
      </name>
      <name>
        <singular>UK_liquid_ounce</singular>
      </name>
    </aliases>
    <unit_class>UDUcommon</unit_class>
    <quantities>VOLU: volume</quantities>
  </unit>
  <unit>
    <def>lg(re (1e-6 m)^3)</def>
    <definition>Logarithmic unit used to compare the reflectivity (Z) of an unknown remote object, to the reflective return created by a droplet of rain with a diameter of 1 mm; is the base unit for "dBz", which is the typical logarithmic unit for measuring atmospheric radar reflectivity; a value of 0 Bz (0 DBz) corresponds to the return from a single cubic micron; a value of 6 Bz (60 DBz) corresponds to extremely heavy rain.</definition>
    <aliases>
      <symbol>BZ</symbol>
    </aliases>
    <unit_class>UDUcommon</unit_class>
    <quantities>: logarithmic unit</quantities>
  </unit>
  <unit>
    <def>1e-8 s</def>
    <definition>Unit of time approximating the lifetime of an individual neutron, useful for describing very brief durations, e.g., in nuclear physics.</definition>
    <aliases>
      <name>
        <singular>shake</singular>
      </name>
    </aliases>
    <unit_class>UDUcommon</unit_class>
    <quantities>TIME: time</quantities>
  </unit>
  <unit>
    <def>8.616409e4 s</def>
    <definition>Unit of time that it takes the earth to complete one revolution with respect to a star, roughly 23 hours, 56 minutes, 4 seconds.</definition>
    <aliases>
      <name>
        <singular>sidereal_day</singular>
      </name>
    </aliases>
    <unit_class>UDUcommon</unit_class>
    <quantities>TIME: time</quantities>
  </unit>
  <unit>
    <def>3.590170e3 s</def>
    <definition>Unit of time equal to 1/24 sidereal day.</definition>
    <aliases>
      <name>
        <singular>sidereal_hour</singular>
      </name>
    </aliases>
    <unit_class>UDUcommon</unit_class>
    <quantities>TIME: time</quantities>
  </unit>
  <unit>
    <def>5.983617e1 s</def>
    <definition>Unit of time equal to 1/60 sidereal hour.</definition>
    <aliases>
      <name>
        <singular>sidereal_minute</singular>
      </name>
    </aliases>
    <unit_class>UDUcommon</unit_class>
    <quantities>TIME: time</quantities>
  </unit>
  <unit>
    <def>0.9972696 s</def>
    <definition>Unit of time equal to 1/60 sidereal minute.</definition>
    <aliases>
      <name>
        <singular>sidereal_second</singular>
      </name>
    </aliases>
    <unit_class>UDUcommon</unit_class>
    <quantities>TIME: time</quantities>
  </unit>
  <unit>
    <def>3.155815e7 s</def>
    <definition>Unit of time for the earth to make one complete revolution around the sun, relative to the fixed stars.</definition>
    <aliases>
      <name>
        <singular>sidereal_year</singular>
      </name>
    </aliases>
    <unit_class>UDUcommon</unit_class>
    <quantities>TIME: time</quantities>
  </unit>
  <unit>
    <def>3.15569259747e7 s</def>
    <definition>Unit of time; Average interval between two successive passages of sun through vernal equinox (365.24219878125 days).</definition>
    <aliases>
      <name>
        <singular>tropical_year</singular>
      </name>
      <name>
        <singular>year</singular>
      </name>
      <symbol>yr</symbol>
    </aliases>
    <unit_class>UDUcommon</unit_class>
    <quantities>TIME: time</quantities>
  </unit>
  <unit>
    <def>29.530589 d</def>
    <alt_def>2551442.8896 s</alt_def>
    <definition>Unit of time equal to the average time between successive new or full moons; equal to approximately 29 days, 12 hours, 44 minutes.</definition>
    <aliases>
      <name>
        <singular>lunar_month</singular>
      </name>
    </aliases>
    <unit_class>UDUcommon</unit_class>
    <quantities>TIME: time</quantities>
  </unit>
  <unit>
    <def>365 d</def>
    <alt_def>31536000 s</alt_def>
    <definition>Unit of time corresponding to a 'normal' calendar year, that is, one without insertion of a leap day.</definition>
    <aliases>
      <name>
        <singular>common_year</singular>
      </name>
    </aliases>
    <unit_class>UDUcommon</unit_class>
    <quantities>TIME: time</quantities>
  </unit>
  <unit>
    <def>366 d</def>
    <alt_def>31622400 s</alt_def>
    <definition>Unit of time corresponding to a calendar year with a leap day inserted.</definition>
    <aliases>
      <name>
        <singular>leap_year</singular>
      </name>
    </aliases>
    <unit_class>UDUcommon</unit_class>
    <quantities>TIME: time</quantities>
  </unit>
  <unit>
    <def>365.25 d</def>
    <alt_def>31557600 s</alt_def>
    <definition>Unit of time recognized by the International Astronomical Union for use in astronomy, defined as 365.25 days of 86400 seconds.</definition>
    <aliases>
      <name>
        <singular>Julian_year</singular>
      </name>
    </aliases>
    <unit_class>UDUcommon</unit_class>
    <quantities>TIME: time</quantities>
  </unit>
  <unit>
    <def>365.2425 d</def>
    <alt_def>31556952 s</alt_def>
    <definition>Unit of time based on the Gregorian Calendar, the one commonly used today; approximates the tropical year as 365 + 97/400 days.</definition>
    <aliases>
      <name>
        <singular>Gregorian_year</singular>
      </name>
    </aliases>
    <unit_class>UDUcommon</unit_class>
    <quantities>TIME: time</quantities>
  </unit>
  <unit>
    <def>27.321661 d</def>
    <alt_def>2360591.5104 s</alt_def>
    <definition>Unit of time based on 1/12 of the sidereal year.</definition>
    <aliases>
      <name>
        <singular>sidereal_month</singular>
      </name>
    </aliases>
    <unit_class>UDUcommon</unit_class>
    <quantities>TIME: time</quantities>
  </unit>
  <unit>
    <def>27.321582 d</def>
    <alt_def>2360584.6848 s</alt_def>
    <definition>Unit of time based on 1/12 of the tropical year.</definition>
    <aliases>
      <name>
        <singular>tropical_month</singular>
      </name>
    </aliases>
    <unit_class>UDUcommon</unit_class>
    <quantities>TIME: time</quantities>
  </unit>
  <unit>
    <def>14 d</def>
    <alt_def>1209600 s</alt_def>
    <definition>Unit of time commonly defined as 14 days.</definition>
    <aliases>
      <name>
        <singular>fortnight</singular>
      </name>
    </aliases>
    <unit_class>UDUcommon</unit_class>
    <quantities>TIME: time</quantities>
  </unit>
  <unit>
    <def>7 d</def>
    <alt_def>604800 s</alt_def>
    <definition>Unit of time commonly defined as 7 days.</definition>
    <aliases>
      <name>
        <singular>week</singular>
      </name>
    </aliases>
    <unit_class>UDUcommon</unit_class>
    <quantities>TIME: time</quantities>
  </unit>
  <unit>
    <def>0.01 s</def>
    <definition>Unit of time used in computer animation as a method of defining playback rate.</definition>
    <aliases>
      <name>
        <singular>jiffy</singular>
      </name>
    </aliases>
    <comment>Multiple values have been proposed for the amount of time represented by a 'jiffy'.</comment>
    <unit_class>UDUcommon</unit_class>
    <quantities>TIME: time</quantities>
  </unit>
  <unit>
    <def>1e9 year</def>
    <alt_def>3.15569259747e+16 s</alt_def>
    <definition>Unit of time defined in astronomy as 1 billion years.</definition>
    <aliases>
      <name>
        <singular>eon</singular>
      </name>
    </aliases>
    <unit_class>UDUcommon</unit_class>
    <quantities>TIME: time</quantities>
  </unit>
  <unit>
    <def>year/12</def>
    <alt_def>2629743.831225 s</alt_def>
    <definition>Unit of time defined as the average length of time for a calendar month.</definition>
    <aliases>
      <name>
        <singular>month</singular>
      </name>
    </aliases>
    <unit_class>UDUcommon</unit_class>
    <quantities>TIME: time</quantities>
  </unit>
  <unit>
    <def>1e6 m^3/s</def>
    <definition>Unit of volume transport, used almost exclusively to measure the volumetric rate of ocean currents.</definition>
    <aliases>
      <name>
        <singular>sverdrup</singular>
      </name>
    </aliases>
    <comment>'Sv' is not a symbol for sverdrup because it's already attached to the SI unit 'Sievert'.</comment>
    <unit_class>UDUcommon</unit_class>
    <quantities>: flow rate</quantities>
  </unit>
  <unit>
    <def>9.806650 m/s^2</def>
    <definition>Unit of acceleration corresponding to the nominal gravitational acceleration of an object in a vacuum near the surface of earth.</definition>
    <aliases>
      <name>
        <singular>standard_free_fall</singular>
      </name>
    </aliases>
    <unit_class>UDUcommon</unit_class>
    <quantities>ACCE: acceleration</quantities>
  </unit>
  <unit>
    <def>standard_free_fall</def>
    <alt_def>9.80665 m.s-2</alt_def>
    <definition>Unit of acceleration synonymous with standard rate of free fall (in earth's gravity).</definition>
    <aliases>
      <name>
        <singular>gravity</singular>
      </name>
    </aliases>
    <comment>Should be local.</comment>
    <unit_class>UDUcommon</unit_class>
    <quantities>ACCE: acceleration</quantities>
  </unit>
  <unit>
    <def>gravity 1000 kg/m^3</def>
    <alt_def>9806.65 Pa.m-1</alt_def>
    <definition>Specifies vertical pressure gradient at earth's surface in a substance with the density of water.</definition>
    <aliases>
      <name>
        <singular>conventional_water</singular>
      </name>
      <name>
        <singular>water</singular>
      </name>
      <symbol>H2O</symbol>
      <symbol>h2o</symbol>
    </aliases>
    <unit_class>UDUcommon</unit_class>
    <quantities>: pressure gradient</quantities>
  </unit>
  <unit>
    <def>gravity 999.972 kg/m^3</def>
    <alt_def>9806.3754138 Pa.m-1</alt_def>
    <definition>Specifies vertical pressure gradient at earth's surface in a substance with the density of water at 4 degrees C.</definition>
    <aliases>
      <name>
        <singular>water_4C</singular>
        <plural>waters_4C</plural>
      </name>
      <name>
        <singular>water_39F</singular>
        <plural>waters_39F</plural>
      </name>
    </aliases>
    <unit_class>UDUcommon</unit_class>
    <quantities>: pressure gradient</quantities>
  </unit>
  <unit>
    <def>gravity 999.001 kg/m^3</def>
    <alt_def>9796.85315665 Pa.m-1</alt_def>
    <definition>Specifies vertical pressure gradient at earth's surface in a substance with the density of water at 60 degrees F.</definition>
    <aliases>
      <name>
        <singular>water_60F</singular>
        <plural>waters_60F</plural>
      </name>
    </aliases>
    <unit_class>UDUcommon</unit_class>
    <quantities>: pressure gradient</quantities>
  </unit>
  <unit>
    <def>gravity 13595.10 kg/m^3</def>
    <alt_def>133322.387415 Pa.m-1</alt_def>
    <definition>Specifies vertical pressure gradient at earth's surface in a substance with the density of mercury at 0 degrees C.</definition>
    <aliases>
      <name>
        <singular>mercury_0C</singular>
        <plural>mercuries_0C</plural>
      </name>
      <name>
        <singular>mercury_32F</singular>
        <plural>mercuries_32F</plural>
      </name>
      <name>
        <singular>conventional_mercury</singular>
        <plural>conventional_mercuries</plural>
      </name>
      <symbol>Hg</symbol>
    </aliases>
    <unit_class>UDUcommon</unit_class>
    <quantities>: pressure gradient</quantities>
  </unit>
  <unit>
    <def>gravity 13556.8 kg/m^3</def>
    <alt_def>132946.79272 Pa.m-1</alt_def>
    <definition>Specifies vertical pressure gradient at earth's surface in a substance with the density of mercury at 60 degrees F.</definition>
    <aliases>
      <name>
        <singular>mercury_60F</singular>
        <plural>mercuries_60F</plural>
      </name>
    </aliases>
    <unit_class>UDUcommon</unit_class>
    <quantities>: pressure gradient</quantities>
  </unit>
  <unit>
    <def>standard_free_fall</def>
    <alt_def>9.80665 m.s-2</alt_def>
    <definition>Unit of force equivalent to the force generated by the effect of gravity.</definition>
    <aliases>
      <name>
        <singular>force</singular>
        <source>UDUcommon</source>
      </name>
    </aliases>
    <unit_class>UDUcommon</unit_class>
    <quantities>ACCE: acceleration</quantities>
  </unit>
  <unit>
    <def>1e-5 N</def>
    <definition>Unit of force, equal to the force that produces an acceleration of one centimeter per second per second on a mass of one gram (the standard centimeter-gram-second unit of force).</definition>
    <aliases>
      <name>
        <singular>dyne</singular>
      </name>
    </aliases>
    <unit_class>UDUcommon</unit_class>
    <quantities>FORC: force</quantities>
  </unit>
  <unit>
    <def>9.806650e-3 N</def>
    <definition>Unit of force, equal to the magnitude of the force exerted by one gram of mass in a 9.80665 m/s2 gravitational field.</definition>
    <aliases>
      <name>
        <singular>pond</singular>
      </name>
    </aliases>
    <unit_class>UDUcommon</unit_class>
    <quantities>FORC: force</quantities>
  </unit>
  <unit>
    <def>9.806650 N</def>
    <definition>Unit of force, equal to the magnitude of the force exerted by one kilogram of mass in a 9.80665 m/s2 gravitational field.</definition>
    <aliases>
      <name>
        <singular>force_kilogram</singular>
      </name>
      <name>
        <singular>kilogram_force</singular>
        <plural>kilograms_force</plural>
      </name>
      <symbol>kgf</symbol>
    </aliases>
    <unit_class>UDUcommon</unit_class>
    <quantities>FORC: force</quantities>
  </unit>
  <unit>
    <def>2.780139e-1 N</def>
    <definition>Unit of force, equal to the magnitude of the force exerted by one ounce of mass in a 9.80665 m/s2 gravitational field.</definition>
    <aliases>
      <name>
        <singular>force_ounce</singular>
      </name>
      <name>
        <singular>ounce_force</singular>
        <plural>ounces_force</plural>
      </name>
      <symbol>ozf</symbol>
    </aliases>
    <unit_class>UDUcommon</unit_class>
    <quantities>FORC: force</quantities>
  </unit>
  <unit>
    <def>4.4482216152605 N</def>
    <definition>Unit of force, equal to the magnitude of the force exerted by one pound of mass in a 9.80665 m/s2 gravitational field.</definition>
    <aliases>
      <name>
        <singular>force_pound</singular>
      </name>
      <name>
        <singular>pound_force</singular>
        <plural>pounds_force</plural>
      </name>
      <symbol>lbf</symbol>
    </aliases>
    <unit_class>UDUcommon</unit_class>
    <quantities>FORC: force</quantities>
  </unit>
  <unit>
    <def>1.382550e-1 N</def>
    <definition>Unit of force, that which is necessary to accelerate 1 pound-mass to 1 foot per second per second.</definition>
    <aliases>
      <name>
        <singular>poundal</singular>
      </name>
    </aliases>
    <unit_class>UDUcommon</unit_class>
    <quantities>FORC: force</quantities>
  </unit>
  <unit>
    <def>g force</def>
    <alt_def>0.00980665 N</alt_def>
    <definition>Unit of force, equal to the magnitude of the force exerted by one gram of mass in a 9.80665 m/s2 gravitational field.</definition>
    <aliases>
      <name>
        <singular>gram_force</singular>
        <plural>grams_force</plural>
      </name>
      <name>
        <singular>force_gram</singular>
      </name>
      <symbol>gf</symbol>
    </aliases>
    <unit_class>UDUcommon</unit_class>
    <quantities>FORC: force</quantities>
  </unit>
  <unit>
    <def>2000 force_pound</def>
    <alt_def>8896.443230521 N</alt_def>
    <definition>Unit of force, equal to the magnitude of the force exerted by one ton of mass in a 9.80665 m/s2 gravitational field (specifically a short ton of mass).</definition>
    <aliases>
      <name>
        <singular>force_ton</singular>
      </name>
      <name>
        <singular>ton_force</singular>
        <plural>tons_force</plural>
      </name>
    </aliases>
    <unit_class>UDUcommon</unit_class>
    <quantities>FORC: force</quantities>
  </unit>
  <unit>
    <def>1000 lbf</def>
    <alt_def>4448.2216152605 N</alt_def>
    <definition>Unit of force, equal to the magnitude of the force exerted by one thousand pounds of mass in a 9.80665 m/s2 gravitational field.</definition>
    <aliases>
      <name>
        <singular>kip</singular>
      </name>
    </aliases>
    <unit_class>UDUcommon</unit_class>
    <quantities>FORC: force</quantities>
  </unit>
  <unit>
    <def>1.01325e5 Pa</def>
    <definition>Unit of pressure, an international reference pressure intended to represent the mean atmospheric pressure at mean sea level at the latitude of Paris, France.</definition>
    <aliases>
      <name>
        <singular>standard_atmosphere</singular>
      </name>
      <name>
        <singular>atmosphere</singular>
      </name>
      <symbol>atm</symbol>
    </aliases>
    <unit_class>UDUcommon</unit_class>
    <quantities>PRES: pressure</quantities>
  </unit>
  <unit>
    <def>1 kg gravity/cm2</def>
    <alt_def>98066.5 Pa</alt_def>
    <definition>Unit of pressure equal to one kilogram force per square centimeter.</definition>
    <aliases>
      <name>
        <singular>technical_atmosphere</singular>
      </name>
      <symbol>at</symbol>
    </aliases>
    <unit_class>UDUcommon</unit_class>
    <quantities>PRES: pressure</quantities>
  </unit>
  <unit>
    <def>cm H2O</def>
    <alt_def>98.0665 Pa</alt_def>
    <definition>Unit of pressure derived from pressure head calculations using metrology; represents the pressure exerted by a column of water of 1 cm height at 4 degrees C.</definition>
    <aliases>
      <symbol>cm_H2O</symbol>
      <symbol>cmH2O</symbol>
    </aliases>
    <unit_class>UDUcommon</unit_class>
    <quantities>PRES: pressure</quantities>
  </unit>
  <unit>
    <def>inch water_39F</def>
    <alt_def>249.08193551052 Pa</alt_def>
    <definition>Unit of pressure representing the pressure exerted by a column of water of 1 inch height at 39 degrees F.</definition>
    <aliases>
      <name>
        <singular>inch_H2O_39F</singular>
        <plural>inches_H2O_39F</plural>
      </name>
    </aliases>
    <unit_class>UDUcommon</unit_class>
    <quantities>PRES: pressure</quantities>
  </unit>
  <unit>
    <def>inch water_60F</def>
    <alt_def>248.84007017891 Pa</alt_def>
    <definition>Unit of pressure representing the pressure exerted by a column of water of 1 inch height at 60 degrees F.</definition>
    <aliases>
      <name>
        <singular>inch_H2O_60F</singular>
        <plural>inches_H2O_60F</plural>
      </name>
    </aliases>
    <unit_class>UDUcommon</unit_class>
    <quantities>PRES: pressure</quantities>
  </unit>
  <unit>
    <def>foot water</def>
    <alt_def>2989.06692 Pa</alt_def>
    <definition>Unit of pressure representing the pressure exerted by a column of water of 1 foot height at 4 degrees C.</definition>
    <aliases>
      <name>
        <singular>foot_water</singular>
        <plural>feet_water</plural>
      </name>
      <name>
        <singular>foot_H2O</singular>
        <plural>feet_H2O</plural>
      </name>
      <name>
        <singular>footH2O</singular>
        <plural>feetH2O</plural>
      </name>
      <symbol>ftH2O</symbol>
      <symbol>fth2o</symbol>
    </aliases>
    <unit_class>UDUcommon</unit_class>
    <quantities>PRES: pressure</quantities>
  </unit>
  <unit>
    <def>cm Hg</def>
    <alt_def>1333.22387415 Pa</alt_def>
    <definition>Unit of pressure representing the pressure exerted by a column of mercury of 1 cm height at 0 degrees C.</definition>
    <aliases>
      <symbol>cm_Hg</symbol>
      <symbol>cmHg</symbol>
    </aliases>
    <unit_class>UDUcommon</unit_class>
    <quantities>PRES: pressure</quantities>
  </unit>
  <unit>
    <def>mm mercury_0C</def>
    <alt_def>133.322387415 Pa</alt_def>
    <definition>Unit of pressure representing the pressure exerted by a column of mercury of 1 mm height at 0 degrees C.</definition>
    <aliases>
      <name>
        <singular>millimeter_Hg_0C</singular>
        <plural>millimeters_Hg_0C</plural>
      </name>
    </aliases>
    <unit_class>UDUcommon</unit_class>
    <quantities>PRES: pressure</quantities>
  </unit>
  <unit>
    <def>inch mercury_32F</def>
    <alt_def>3386.388640341 Pa</alt_def>
    <definition>Unit of pressure representing the pressure exerted by a column of mercury of 1 inch height at 32 degrees F.</definition>
    <aliases>
      <name>
        <singular>inch_Hg_32F</singular>
        <plural>inches_Hg_32F</plural>
      </name>
    </aliases>
    <unit_class>UDUcommon</unit_class>
    <quantities>PRES: pressure</quantities>
  </unit>
  <unit>
    <def>inch mercury_60F</def>
    <alt_def>3376.848535088 Pa</alt_def>
    <definition>Unit of pressure representing the pressure exerted by a column of mercury of 1 inch height at 60 degrees F.</definition>
    <aliases>
      <name>
        <singular>inch_Hg_60F</singular>
        <plural>inches_Hg_60F</plural>
      </name>
    </aliases>
    <unit_class>UDUcommon</unit_class>
    <quantities>PRES: pressure</quantities>
  </unit>
  <unit>
    <def>mm Hg</def>
    <alt_def>133.322387415 Pa</alt_def>
    <definition>Unit of pressure representing the pressure exerted by a column of mercury of 1 mm height at 0 degrees C; approximately (within 0.000015%, generally below measurement error) 1 Torr, which is 1/760 standard atmospheric pressure.</definition>
    <aliases>
      <name>
        <singular>millimeter_Hg</singular>
        <plural>millimeters_Hg</plural>
      </name>
      <name>
        <singular>torr</singular>
      </name>
      <symbol>mm_Hg</symbol>
      <symbol>mm_hg</symbol>
      <symbol>mmHg</symbol>
      <symbol>mmhg</symbol>
    </aliases>
    <unit_class>UDUcommon</unit_class>
    <quantities>PRES: pressure</quantities>
  </unit>
  <unit>
    <def>inch Hg</def>
    <alt_def>3386.388640341 Pa</alt_def>
    <definition>Unit of pressure representing the pressure exerted by a column of mercury of 1 inch height at 0 degrees C.</definition>
    <aliases>
      <name>
        <singular>inch_Hg</singular>
        <plural>inches_Hg</plural>
      </name>
      <symbol>in_Hg</symbol>
      <symbol>inHg</symbol>
    </aliases>
    <unit_class>UDUcommon</unit_class>
    <quantities>PRES: pressure</quantities>
  </unit>
  <unit>
    <def>1 pound gravity/in^2</def>
    <alt_def>6894.75729316836 Pa</alt_def>
    <definition>Unit of pressure representing the pressure exerted, due to gravity, by a one-pound mass, of area one square inch; commonly referred to as "pounds per square inch".</definition>
    <aliases>
      <symbol>psi</symbol>
    </aliases>
    <unit_class>UDUcommon</unit_class>
    <quantities>PRES: pressure</quantities>
  </unit>
  <unit>
    <def>kip/in^2</def>
    <alt_def>6894757.29316836 Pa</alt_def>
    <definition>Unit of pressure representing the pressure exerted, due to gravity, by a 1000-pound mass, of area one square inch.</definition>
    <aliases>
      <symbol>ksi</symbol>
    </aliases>
    <unit_class>UDUcommon</unit_class>
    <quantities>PRES: pressure</quantities>
  </unit>
  <unit>
    <def>0.1 N/m^2</def>
    <definition>Unit of pressure equal to one dyne per square centimeter.</definition>
    <aliases>
      <name>
        <singular>barie</singular>
      </name>
      <name>
        <singular>barye</singular>
      </name>
    </aliases>
    <unit_class>UDUcommon</unit_class>
    <quantities>PRES: pressure</quantities>
  </unit>
  <unit>
    <def>lg(re 20e-6 Pa)</def>
    <definition>Logarithmic unit used to compare the sound pressure of an unknown sound to a standard reference sound pressure; is the base unit for "dB_SPL", a more typical logarithmic unit for measuring sound pressure (the SI unit for sound pressure is pascal); the standard reference sound pressure in air or other gases is 20 microPascal, which is usually considered the threshold of human hearing (at 1 kHz).</definition>
    <aliases>
      <symbol>B_SPL</symbol>
    </aliases>
    <comment>Sound pressure level.</comment>
    <unit_class>UDUcommon</unit_class>
    <quantities>SOPL: sound pressure level (referenced to 20 &#x00B5;Pa)</quantities>
  </unit>
  <unit>
    <def>1e-1 Pa.s</def>
    <definition>Unit of dynamic viscosity, corresponding to 0.1 pascal-second (pascal-second: a fluid placed between two plates, when one plate is pushed sideways with a shear stress of one pascal, moves a distance equal to the thickness of the layer between the plates in one second).</definition>
    <aliases>
      <name>
        <singular>poise</singular>
      </name>
    </aliases>
    <unit_class>UDUcommon</unit_class>
    <quantities>DYVI: dynamic viscosity</quantities>
  </unit>
  <unit>
    <def>1e-4 m^2/s</def>
    <definition>Unit of kinematic viscosity, measuring the ratio of the dynamic viscosity to the density of the fluid; water at 20 degrees C has a kinematic viscosity about 100 stokes, or more cmomonly, 1 cSt.</definition>
    <aliases>
      <name>
        <singular>stokes</singular>
      </name>
      <symbol>St</symbol>
    </aliases>
    <unit_class>UDUcommon</unit_class>
    <quantities>KIVI: kinematic viscosity</quantities>
  </unit>
  <unit>
    <def>10/(Pa.s)</def>
    <definition>Unit of fluidity (reciprocal of velocity), measured in reciprocal poise.</definition>
    <aliases>
      <name>
        <singular>rhe</singular>
      </name>
    </aliases>
    <unit_class>UDUcommon</unit_class>
  </unit>
  <unit>
    <def>1e-7 J</def>
    <definition>Unit of work, equal to the amount of work done by a force of one dyne exerted for a distance of one centimeter (in CGS base units, one gram centimeter-squared per second-squared).</definition>
    <aliases>
      <name>
        <singular>erg</singular>
      </name>
    </aliases>
    <unit_class>UDUcommon</unit_class>
    <quantities>ENGY: energy</quantities>
  </unit>
  <unit>
    <def>1.05505585262e3 J</def>
    <definition>Unit of energy, equal to the energy needed to cool or heat one pound of water by one degree F; this uses the International Steam Table (IT) calorie , defined by the Fifth International Conference on the properties of Steam (1956).</definition>
    <aliases>
      <name>
        <singular>IT_Btu</singular>
        <plural>IT_Btus</plural>
      </name>
      <name>
        <singular>Btu</singular>
        <plural>Btus</plural>
      </name>
    </aliases>
    <unit_class>UDUcommon</unit_class>
    <quantities>ENGY: energy, HEQT: amount of heat, WORK: work</quantities>
  </unit>
  <unit>
    <def>1.05506e8 J</def>
    <definition>Unit of energy legally defined by the Council Directive of 20 December 1979, Council of the European Communities (now the European Union, EU);.roughly equal to 100,000 IT_Btu.</definition>
    <aliases>
      <name>
        <singular>EC_therm</singular>
      </name>
    </aliases>
    <unit_class>UDUcommon</unit_class>
    <quantities>ENGY: energy, HEQT: amount of heat, WORK: work</quantities>
  </unit>
  <unit>
    <def>4.184000 J</def>
    <definition>Unit of heat energy defined as 4.184 Joules exactly (International Standard ISO 31-4: Quantities and units, Part 4: Heat); approximately the energy needed to increase the temperature of 1 gram of water by 1 C.</definition>
    <aliases>
      <name>
        <singular>thermochemical_calorie</singular>
      </name>
    </aliases>
    <unit_class>UDUcommon</unit_class>
    <quantities>ENGY: energy, HEQT: amount of heat, WORK: work</quantities>
  </unit>
  <unit>
    <def>4.1868 J</def>
    <definition>Unit of heat energy used in thermochemistry, the International Steam Table (IT) calorie defined by the Fifth International Conference on the properties of Steam (1956).</definition>
    <aliases>
      <name>
        <singular>IT_calorie</singular>
      </name>
      <name>
        <singular>calorie</singular>
      </name>
      <symbol>cal</symbol>
    </aliases>
    <unit_class>UDUcommon</unit_class>
    <quantities>ENGY: energy</quantities>
  </unit>
  <unit>
    <def>4.184 MJ/kg</def>
    <definition>Unit of energy; approximately the energy released by the detonation of a given amount of mass of TNT.</definition>
    <aliases>
      <name>
        <singular>TNT</singular>
      </name>
    </aliases>
    <comment>By definition.</comment>
    <unit_class>UDUcommon</unit_class>
    <quantities>SENG: specific energy</quantities>
  </unit>
  <unit>
    <def>4.184e9 J</def>
    <definition>Unit of energy; approximately the energy released by the detonation of a 1000 kilograms of TNT.</definition>
    <aliases>
      <name>
        <singular>ton_TNT</singular>
        <plural>tons_TNT</plural>
      </name>
    </aliases>
    <comment>By definition.</comment>
    <unit_class>UDUcommon</unit_class>
    <quantities>ENGY: energy</quantities>
  </unit>
  <unit>
    <def>1.054804e8 J</def>
    <definition>Unit of energy legally defined in the U.S. Federal Register of July 27, 1968, and the legal unit used by the U.S. natural gas industry.</definition>
    <aliases>
      <name>
        <singular>US_therm</singular>
      </name>
      <name>
        <singular>therm</singular>
      </name>
      <symbol>thm</symbol>
    </aliases>
    <unit_class>UDUcommon</unit_class>
    <quantities>ENGY: energy, HEQT: amount of heat</quantities>
  </unit>
  <unit>
    <def>W.hour</def>
    <alt_def>3600 J</alt_def>
    <definition>Unit of energy equal to the product of the power in watts and the time in hours (if the energy is being transmitted or used at a constant rate (power) over a period of time); one watt is equal to 1 Joule/second.</definition>
    <aliases>
      <name>
        <singular>watthour</singular>
      </name>
    </aliases>
    <unit_class>UDUcommon</unit_class>
    <quantities>ENGY: energy</quantities>
  </unit>
  <unit>
    <def>1e9 eV</def>
    <alt_def>1.60217733e-10 J</alt_def>
    <definition>Unit of energy corresponding to 1 billion electron volts (eV).</definition>
    <aliases>
      <symbol>bev</symbol>
    </aliases>
    <unit_class>UDUcommon</unit_class>
    <quantities>ENGY: energy</quantities>
  </unit>
  <unit>
    <def>V.A</def>
    <definition>Unit of electric power equal to the product of one volt and one ampere, equivalent to one watt for direct current systems and a unit of apparent power for alternating current systems.</definition>
    <aliases>
      <name>
        <singular>voltampere</singular>
      </name>
      <symbol>VA</symbol>
    </aliases>
    <unit_class>UDUcommon</unit_class>
    <quantities>POWR: power</quantities>
  </unit>
  <unit>
    <def>9.80950e3 W</def>
    <definition>Unit of power equal to the power required to evaporate 34.5 lb of fresh water at 212 degrees F in one hour; describes a boiler's capacity to deliver steam to a steam engine.</definition>
    <aliases>
      <name>
        <singular>boiler_horsepower</singular>
      </name>
    </aliases>
    <unit_class>UDUcommon</unit_class>
    <quantities>POWR: power</quantities>
  </unit>
  <unit>
    <def>7.456999e2 W</def>
    <definition>Unit of power originally corresponding to the estimated typical power of draft horses, calculated as lifting 33000 pounds one foot in one minute (550 foot-pounds/second).</definition>
    <aliases>
      <name>
        <singular>shaft_horsepower</singular>
      </name>
      <name>
        <singular>horsepower</singular>
      </name>
      <symbol>hp</symbol>
    </aliases>
    <comment>Shaft_horsepower is a unit of power as delivered by a drive shaft at its output (e.g., of a ship, aircraft engine, or helicopter rotor; typically not automobiles due to drive train losses).</comment>
    <unit_class>UDUcommon</unit_class>
    <quantities>POWR: power</quantities>
  </unit>
  <unit>
    <def>7.35499e2 W</def>
    <definition>Unit of power corresponding to a calculation of 75 kilogram-meters/second.</definition>
    <aliases>
      <name>
        <singular>metric_horsepower</singular>
      </name>
    </aliases>
    <unit_class>UDUcommon</unit_class>
    <quantities>POWR: power</quantities>
  </unit>
  <unit>
    <def>7.460000e2 W</def>
    <definition>Unit of power defined in the International System of Units as exactly 746 W; generally used for power used by electrical machines.</definition>
    <aliases>
      <name>
        <singular>electric_horsepower</singular>
      </name>
    </aliases>
    <unit_class>UDUcommon</unit_class>
    <quantities>POWR: power</quantities>
  </unit>
  <unit>
    <def>7.46043e2 W</def>
    <definition>Unit of power used in the U.S. primarily in rating pumps; calculated as pump capacity Q (gallons per minute) times pump pressure ("head") of P (feet of head), divided by 3956 water horsepower; the calculation assumes water density is 8 1/3 pounds per U.S. gallon, which is not exact.</definition>
    <aliases>
      <name>
        <singular>water_horsepower</singular>
      </name>
    </aliases>
    <unit_class>UDUcommon</unit_class>
    <quantities>POWR: power</quantities>
  </unit>
  <unit>
    <def>7.4570e2 W</def>
    <definition>Unit of power originally corresponding to the estimated typical power of draft horses, calculated as lifting 33000 pounds one foot in one minute (550 foot-pounds/second), as calculated/specified in the United Kingdom.</definition>
    <aliases>
      <name>
        <singular>UK_horsepower</singular>
      </name>
    </aliases>
    <unit_class>UDUcommon</unit_class>
    <quantities>POWR: power</quantities>
  </unit>
  <unit>
    <def>12000 Btu/hr</def>
    <alt_def>3516.85284206667 W</alt_def>
    <definition>Unit of power describing the heat-extraction capacity of cooling equipment; defined as the heat absorbed by melting 1 short ton of pure ice at 0 degrees C in 24 hours.</definition>
    <aliases>
      <name>
        <singular>refrigeration_ton</singular>
      </name>
      <name>
        <singular>ton_of_refrigeration</singular>
        <plural>tons_of_refrigeration</plural>
      </name>
    </aliases>
    <unit_class>UDUcommon</unit_class>
    <quantities>POWR: power</quantities>
  </unit>
  <unit>
    <def>lg(re 1 W)</def>
    <definition>Unit of power in decibel scale, referenced to 1 watt; the power in bel-watts is equal to 100 times the base 10 logarithm of the power in watts (making decibel-watt, the more common term, 10 times the base 10 log of the power in watts).</definition>
    <aliases>
      <symbol>BW</symbol>
    </aliases>
    <unit_class>UDUcommon</unit_class>
    <quantities>: logarithmic unit</quantities>
  </unit>
  <unit>
    <def>lg(re 1 mW)</def>
    <definition>Unit of power in decibel scale, referenced to 1 milliwatt; the power in bel-milliwatts is equal to 100 times the base 10 logarithm of the power in milliwatts (making decibel-milliwatt, the more common term, 10 times the base 10 log of the power in milliwatts).</definition>
    <aliases>
      <symbol>Bm</symbol>
    </aliases>
    <unit_class>UDUcommon</unit_class>
    <quantities>POWM: power level relative to 1 mW</quantities>
  </unit>
  <unit>
    <def>1.55e-1 K.m^2/W</def>
    <definition>Unit of thermal resistance used in describing the insulating value of clothing; the amount of thermal resistance needed to maintain in comfort a resting subject in a normally ventilated room (air movement 10 cm/sec) at a temperature of 20 degrees C and a humidity less than 50%.</definition>
    <aliases>
      <name>
        <singular>clo</singular>
      </name>
    </aliases>
    <unit_class>UDUcommon</unit_class>
    <quantities>: thermal resistance</quantities>
  </unit>
  <unit>
    <def>10 A</def>
    <definition>Basic unit of electricity in the electromagnetic CGS system of units.</definition>
    <aliases>
      <name>
        <singular>abampere</singular>
      </name>
    </aliases>
    <unit_class>UDUcommon</unit_class>
    <quantities>ELCU: electric current</quantities>
  </unit>
  <unit>
    <def>7.957747e-1 A</def>
    <definition>Unit of electricity/magnetism.</definition>
    <aliases>
      <name>
        <singular>gilbert</singular>
      </name>
    </aliases>
    <unit_class>UDUcommon</unit_class>
    <quantities>ELCU: electric current</quantities>
  </unit>
  <unit>
    <def>3.335640e-10 A</def>
    <definition>Unit of electricity/magnetism.</definition>
    <aliases>
      <name>
        <singular>statampere</singular>
      </name>
    </aliases>
    <unit_class>UDUcommon</unit_class>
    <quantities>ELCU: electric current</quantities>
  </unit>
  <unit>
    <def>10 A</def>
    <definition>Basic unit of electricity in the electromagnetic CGS system of units (same as abampere), named after Jean-Baptiste Biot.</definition>
    <aliases>
      <name>
        <singular>biot</singular>
        <source>UDUcommon</source>
      </name>
    </aliases>
    <unit_class>UDUcommon</unit_class>
    <quantities>ELCU: electric current</quantities>
  </unit>
  <unit>
    <def>1e9 F</def>
    <definition>Unit of electricity/magnetism.</definition>
    <aliases>
      <name>
        <singular>abfarad</singular>
      </name>
    </aliases>
    <unit_class>UDUcommon</unit_class>
    <quantities>ELCA: capacitance</quantities>
  </unit>
  <unit>
    <def>1e-9 H</def>
    <definition>Unit of electricity/magnetism.</definition>
    <aliases>
      <name>
        <singular>abhenry</singular>
      </name>
    </aliases>
    <unit_class>UDUcommon</unit_class>
    <quantities>ELIN: inductance</quantities>
  </unit>
  <unit>
    <def>1e9 S</def>
    <definition>Unit of electricity/magnetism.</definition>
    <aliases>
      <name>
        <singular>abmho</singular>
      </name>
    </aliases>
    <unit_class>UDUcommon</unit_class>
    <quantities>ELCO: electric conductance</quantities>
  </unit>
  <unit>
    <def comment="GREEK CAPITAL LETTER OMEGA">1e-9 &#x03A9;</def>
    <definition>Unit of electricity/magnetism.</definition>
    <aliases>
      <name>
        <singular>abohm</singular>
      </name>
    </aliases>
    <unit_class>UDUcommon</unit_class>
    <quantities>ELRE: electric resistance</quantities>
  </unit>
  <unit>
    <def>1e-8 V</def>
    <definition>Unit of electricity/magnetism.</definition>
    <aliases>
      <name>
        <singular>abvolt</singular>
      </name>
    </aliases>
    <unit_class>UDUcommon</unit_class>
    <quantities>ELPD: electric potential difference</quantities>
  </unit>
  <unit>
    <def>elementary_charge</def>
    <definition>Unit of electricity/magnetism.</definition>
    <aliases>
      <symbol>e</symbol>
    </aliases>
    <unit_class>UDUcommon</unit_class>
    <quantities>ELCH: electric charge</quantities>
  </unit>
  <unit DEPRECATED="TRUE">
    <def>9.64957e4 C</def>
    <definition>Unit of electricity/magnetism.</definition>
    <aliases DEPRECATED="TRUE">
      <name DEPRECATED="TRUE">
        <singular DEPRECATED="TRUE">chemical_faraday</singular>
      </name>
    </aliases>
    <comment>Following the 2019 SI revision, 'faraday' has an exact numerical relation to the coulomb, as defined by the Faraday constant. Use unit 'faraday' for  new applications. Legacy UDUNITS2 units 'chemical_faraday', 'physical_faraday', and 'C12_faraday', which have experimentally determined and slightly different values, remain supported for existing code.</comment>
    <unit_class>UDUcommon</unit_class>
    <quantities>ELCH: electric charge</quantities>
  </unit>
  <unit DEPRECATED="TRUE">
    <def>9.65219e4 C</def>
    <definition>Unit of electricity/magnetism.</definition>
    <aliases DEPRECATED="TRUE">
      <name DEPRECATED="TRUE">
        <singular DEPRECATED="TRUE">physical_faraday</singular>
      </name>
    </aliases>
    <comment>Following the 2019 SI revision, 'faraday' has an exact numerical relation to the coulomb, as defined by the Faraday constant. Use unit 'faraday' for  new applications. Legacy UDUNITS2 units 'chemical_faraday', 'physical_faraday', and 'C12_faraday', which have experimentally determined and slightly different values, remain supported for existing code.</comment>
    <unit_class>UDUcommon</unit_class>
    <quantities>ELCH: electric charge</quantities>
  </unit>
  <unit>
    <def>9.648531e4 C</def>
    <definition>Unit of electricity/magnetism.</definition>
    <aliases DEPRECATED="TRUE">
      <name DEPRECATED="TRUE">
        <singular DEPRECATED="TRUE">C12_faraday</singular>
      </name>
    </aliases>
    <comment>Following the 2019 SI revision, 'faraday' has an exact numerical relation to the coulomb, as defined by the Faraday constant. Use unit 'faraday' for  new applications. Legacy UDUNITS2 units 'chemical_faraday', 'physical_faraday', and 'C12_faraday', which have experimentally determined and slightly different values, remain supported for existing code.</comment>
    <unit_class>UDUcommon</unit_class>
    <quantities>ELCH: electric charge</quantities>
  </unit>
  <unit>
    <def>1e-9 T</def>
    <definition>Unit of electricity/magnetism.</definition>
    <aliases>
      <name>
        <singular>gamma</singular>
      </name>
    </aliases>
    <unit_class>UDUcommon</unit_class>
    <quantities>MGFD: magnetic flux density</quantities>
  </unit>
  <unit>
    <def>1e-4 T</def>
    <definition>Unit of electricity/magnetism.</definition>
    <aliases>
      <name>
        <singular>gauss</singular>
      </name>
    </aliases>
    <unit_class>UDUcommon</unit_class>
    <quantities>MGFD: magnetic flux density</quantities>
  </unit>
  <unit>
    <def>1e-8 Wb</def>
    <definition>Unit of electricity/magnetism.</definition>
    <aliases>
      <name>
        <singular>maxwell</singular>
      </name>
    </aliases>
    <unit_class>UDUcommon</unit_class>
    <quantities>MGFL: magnetic flux</quantities>
  </unit>
  <unit>
    <def>7.957747e1 A/m</def>
    <definition>Unit of electricity/magnetism.</definition>
    <aliases>
      <name>
        <singular>oersted</singular>
      </name>
      <symbol>Oe</symbol>
    </aliases>
    <unit_class>UDUcommon</unit_class>
    <quantities>MAFD: magnetic field strength</quantities>
  </unit>
  <unit>
    <def>3.335640e-10 C</def>
    <definition>Unit of electricity/magnetism.</definition>
    <aliases>
      <name>
        <singular>statcoulomb</singular>
      </name>
    </aliases>
    <unit_class>UDUcommon</unit_class>
    <quantities>ELCH: electric charge</quantities>
  </unit>
  <unit>
    <def>1.112650e-12 F</def>
    <definition>Unit of electricity/magnetism.</definition>
    <aliases>
      <name>
        <singular>statfarad</singular>
      </name>
    </aliases>
    <unit_class>UDUcommon</unit_class>
    <quantities>ELCA: capacitance</quantities>
  </unit>
  <unit>
    <def>8.987554e11 H</def>
    <definition>Unit of electricity/magnetism.</definition>
    <aliases>
      <name>
        <singular>stathenry</singular>
      </name>
    </aliases>
    <unit_class>UDUcommon</unit_class>
    <quantities>ELIN: inductance</quantities>
  </unit>
  <unit>
    <def>1.112650e-12 S</def>
    <definition>Unit of electricity/magnetism.</definition>
    <aliases>
      <name>
        <singular>statmho</singular>
      </name>
    </aliases>
    <unit_class>UDUcommon</unit_class>
    <quantities>ELCO: electric conductance</quantities>
  </unit>
  <unit>
    <def comment="GREEK CAPITAL LETTER OMEGA">8.987554e11 &#x03A9;</def>
    <definition>Unit of electricity/magnetism.</definition>
    <aliases>
      <name>
        <singular>statohm</singular>
      </name>
    </aliases>
    <unit_class>UDUcommon</unit_class>
    <quantities>ELRE: electric resistance</quantities>
  </unit>
  <unit>
    <def>2.997925e2 V</def>
    <definition>Unit of electricity/magnetism.</definition>
    <aliases>
      <name>
        <singular>statvolt</singular>
      </name>
    </aliases>
    <unit_class>UDUcommon</unit_class>
    <quantities>ELPD: electric potential difference</quantities>
  </unit>
  <unit>
    <def>1.256637e-7 Wb</def>
    <definition>Unit of electricity/magnetism.</definition>
    <aliases>
      <name>
        <singular>unit_pole</singular>
      </name>
    </aliases>
    <unit_class>UDUcommon</unit_class>
    <quantities>MGFL: magnetic flux</quantities>
  </unit>
  <unit>
    <def>lg(re 1 V)</def>
    <definition>Unit of electricity/magnetism.</definition>
    <aliases>
      <symbol>BV</symbol>
    </aliases>
    <unit_class>UDUcommon</unit_class>
    <quantities>: logarithmic unit</quantities>
  </unit>
  <unit>
    <def>lg(re 0.775 V)</def>
    <definition>Unit of electricity/magnetism.</definition>
    <aliases>
      <symbol>Bv</symbol>
    </aliases>
    <comment>Rms voltage.</comment>
    <unit_class>UDUcommon</unit_class>
    <quantities>: logarithmic unit</quantities>
  </unit>
  <unit>
    <def>lg(re 1e-6 V)</def>
    <definition>Unit of electricity/magnetism.</definition>
    <aliases>
      <symbol comment="MICRO SIGN">B&#x00B5;V</symbol>
    </aliases>
    <unit_class>UDUcommon</unit_class>
    <quantities>: logarithmic unit</quantities>
  </unit>
  <unit>
    <def>K/1.8</def>
    <definition>Unit of thermodynamic temperature.</definition>
    <aliases>
      <name>
        <singular>degree_rankine</singular>
        <plural>degrees_rankine</plural>
      </name>
      <name>
        <singular>degreeR</singular>
        <plural>degreesR</plural>
      </name>
      <name>
        <singular>degree_R</singular>
        <plural>degrees_R</plural>
      </name>
      <name>
        <singular>degR</singular>
        <plural>degsR</plural>
      </name>
      <name>
        <singular>deg_R</singular>
        <plural>degs_R</plural>
      </name>
      <symbol comment="DEGREE SIGN">&#x00B0;R</symbol>
    </aliases>
    <unit_class>UDUcommon</unit_class>
    <quantities>TEMT: thermodynamic temperature</quantities>
  </unit>
  <unit>
    <def comment="DEGREE SIGN">&#x00B0;R @ 459.67</def>
    <definition>The unit of Fahrenheit temperature is the degree Fahrenheit, &#x00B0;F, which is equal in magnitude to the degree Rankine, &#x00B0;R, which is a non-SI unit of thermodynamic temperature. The quantity Fahrenheit temperature $t_F$ is related to Rankine temperature $T_R$ by the equation $t_F/\text{&#x00B0;F} = T_R/\text{&#x00B0;R} - 459.67$. Furthermore, the Fahrenheit temperature is related to the Celsius temperature $t_C$ by the equation $t_C/\text{&#x00B0;C} = (t_F/\text{&#x00B0;F} - 32) \cdot (5/9)$.</definition>
    <aliases>
      <name>
        <singular>fahrenheit</singular>
      </name>
      <name>
        <singular>degree_fahrenheit</singular>
        <plural>degrees_fahrenheit</plural>
      </name>
      <name>
        <singular>degreeF</singular>
        <plural>degreesF</plural>
      </name>
      <name>
        <singular>degree_F</singular>
        <plural>degrees_F</plural>
      </name>
      <name>
        <singular>degF</singular>
        <plural>degsF</plural>
      </name>
      <name>
        <singular>deg_F</singular>
        <plural>degs_F</plural>
      </name>
      <symbol comment="DEGREE SIGN">&#x00B0;F</symbol>
      <symbol comment="DEGREE FAHRENHEIT">&#x2109;</symbol>
    </aliases>
    <unit_class>UDUcommon</unit_class>
    <quantities>: Fahrenheit temperature</quantities>
  </unit>
  <unit>
    <def>1.076391e-1 lx</def>
    <definition>Unit of illumination.</definition>
    <aliases>
      <name>
        <singular>footcandle</singular>
      </name>
    </aliases>
    <unit_class>UDUcommon</unit_class>
    <quantities>ILLU: illuminance</quantities>
  </unit>
  <unit>
    <def>3.426259 cd/m^2</def>
    <definition>Unit of illumination.</definition>
    <aliases>
      <name>
        <singular>footlambert</singular>
      </name>
    </aliases>
    <unit_class>UDUcommon</unit_class>
    <quantities>LUMA: luminance</quantities>
  </unit>
  <unit>
    <def>(1e4/pi) cd/m^2</def>
    <definition>Unit of illumination.</definition>
    <aliases>
      <name>
        <singular>lambert</singular>
      </name>
    </aliases>
    <unit_class>UDUcommon</unit_class>
    <quantities>LUMA: luminance</quantities>
  </unit>
  <unit>
    <def>1e4 cd/m^2</def>
    <definition>Unit of illumination.</definition>
    <aliases>
      <name>
        <singular>stilb</singular>
      </name>
      <symbol>sb</symbol>
    </aliases>
    <unit_class>UDUcommon</unit_class>
    <quantities>LUMA: luminance</quantities>
  </unit>
  <unit>
    <def>1e4 lm/m^2</def>
    <definition>Unit of illumination.</definition>
    <aliases>
      <name>
        <singular>phot</singular>
      </name>
      <symbol>ph</symbol>
    </aliases>
    <unit_class>UDUcommon</unit_class>
    <quantities>ILLU: illuminance</quantities>
  </unit>
  <unit>
    <def>1 cd/m^2</def>
    <definition>Unit of illumination.</definition>
    <aliases>
      <name>
        <singular>nit</singular>
      </name>
      <symbol>nt</symbol>
    </aliases>
    <unit_class>UDUcommon</unit_class>
    <quantities>LUMA: luminance</quantities>
  </unit>
  <unit>
    <def>4.184000e4 J/m^2</def>
    <definition>Unit of illumination.</definition>
    <aliases>
      <name>
        <singular>langley</singular>
      </name>
    </aliases>
    <unit_class>UDUcommon</unit_class>
    <quantities>REXP: radiant exposure</quantities>
  </unit>
  <unit>
    <def>cd/(pi m^2)</def>
    <definition>Unit of illumination.</definition>
    <aliases>
      <name>
        <singular>blondel</singular>
      </name>
      <name>
        <singular>apostilb</singular>
      </name>
    </aliases>
    <unit_class>UDUcommon</unit_class>
    <quantities>LUMA: luminance</quantities>
  </unit>
  <unit>
    <def>100/m</def>
    <aliases>
      <name>
        <singular>kayser</singular>
      </name>
    </aliases>
    <unit_class>UDUcommon</unit_class>
    <quantities>WANU: wavenumber</quantities>
  </unit>
  <unit>
    <def>gravity</def>
    <alt_def>9.80665 m.s-2</alt_def>
    <aliases>
      <name>
        <singular>geopotential</singular>
      </name>
      <name>
        <singular>dynamic</singular>
      </name>
      <symbol>gp</symbol>
    </aliases>
    <unit_class>UDUcommon</unit_class>
    <quantities>ACCE: acceleration</quantities>
  </unit>
  <unit DEPRECATED="TRUE">
    <def>2056 hours</def>
    <alt_def>7401600 s</alt_def>
    <aliases DEPRECATED="TRUE">
      <name DEPRECATED="TRUE">
        <singular DEPRECATED="TRUE">work_year</singular>
      </name>
    </aliases>
    <unit_class>UDUcommon</unit_class>
    <quantities>TIME: time</quantities>
  </unit>
  <unit DEPRECATED="TRUE">
    <def>work_year/12</def>
    <alt_def>616800 s</alt_def>
    <aliases DEPRECATED="TRUE">
      <name DEPRECATED="TRUE">
        <singular DEPRECATED="TRUE">work_month</singular>
      </name>
    </aliases>
    <unit_class>UDUcommon</unit_class>
    <quantities>TIME: time</quantities>
  </unit>
  <unit>
    <def>1e-6 m^2 s^-1 K kg^-1</def>
    <aliases>
      <name>
        <singular>potential_vorticity_unit</singular>
      </name>
      <symbol>PVU</symbol>
    </aliases>
    <unit_class>UDUcommon</unit_class>
  </unit>
  <unit>
    <def>1</def>
    <aliases>
      <name>
        <singular>count</singular>
      </name>
    </aliases>
    <note>All three units "bit", "count", and "ppv" represent unit "1", and are thus treated by UDUNITS2 as aliases to each other.</note>
    <unit_class>UDUcommon</unit_class>
  </unit>
  <unit>
    <def>1</def>
    <aliases>
      <name>
        <singular>bit</singular>
      </name>
    </aliases>
    <note>All three units "bit", "count", and "ppv" represent unit "1", and are thus treated by UDUNITS2 as aliases to each other.</note>
    <unit_class>UDUcommon</unit_class>
  </unit>
  <unit>
    <def>8</def>
    <aliases>
      <name>
        <singular>octet</singular>
      </name>
      <name>
        <singular>byte</singular>
      </name>
    </aliases>
    <unit_class>UDUcommon</unit_class>
  </unit>
  <unit>
    <def>446.2 micromoles/meter^2</def>
    <alt_def>0.0004462 m-2.mol</alt_def>
    <aliases>
      <name>
        <singular>dobson</singular>
      </name>
      <symbol>DU</symbol>
    </aliases>
    <unit_class>UDUcommon</unit_class>
  </unit>
  <unit>
    <def>1/avogadro_constant</def>
    <alt_def>1.66053878316273e-24 mol</alt_def>
    <name>
      <singular>molecule</singular>
    </name>
    <aliases>
      <name>
        <singular>molec</singular>
        <source>UDUcommon</source>
      </name>
      <name>
        <singular>nucleon</singular>
        <source>UDUcommon</source>
      </name>
      <name>
        <singular>nuc</singular>
        <source>UDUcommon</source>
      </name>
    </aliases>
    <unit_class>UDUcommon</unit_class>
  </unit>
</unit-system>