<unit-system>
    <license>CC-BY-4.0: Creative Commons Attribution 4.0 International</license>
    <copyright>Copyright (c) 2025 Lars Bärring (ascii-transcription: Lars Barring)</copyright>
    <provenance>SI and UDUNITS2 unit definitions merged into one xml file suitable for UDUNTS2. SI information is taken from SI Digital Framework Reference Point webpage  Version: 1.0 Beta, last update: 2025-03-18. UDUNITS2 information based on UDUNITS 2.2.28 (datestamped 2020-11-23 13:21:06). Downloading and processing was done by the UDUSI package (version 0.1) on 2025-03-19.</provenance>
    <!--

    DO NOT CHANGE THE ORDER OF FILES BELOW
    -->
    <import>udusi-SIPrefix.xml</import>
    <import>udusi-UDUprefix.xml</import>
    <import>udusi-SIBaseUnit.xml</import>
    <import>udusi-UDUSIAddedConstant.xml</import>
    <import>udusi-SISpecialNamedUnit.xml</import>
    <import>udusi-SIConstant.xml</import>
    <import>udusi-nonSIUnit.xml</import>
    <import>udusi-MeasurementUnit.xml</import>
    <import>udusi-UDUbase.xml</import>
    <import>udusi-UDUderived.xml</import>
    <import>udusi-UDUaccepted.xml</import>
    <import>udusi-UDUcommon.xml</import>
</unit-system>
