<?xml version="1.0" encoding="US-ASCII"?>
<unit-system>
  <copyright>Copyright (c) 2025 Lars B&#x00E4;rring (ascii-transcription: Lars Barring)</copyright>
  <license>CC-BY-4.0: Creative Commons Attribution 4.0 International</license>
  <provenance>SI Digital Framework Reference Point webpage Version: 1.0 Beta, last update: 2025-03-18 file prefixes.ttl datestamped 2025-01-30 downloaded and processed by the UDUSI package (version 0.1) on 2025-03-19.</provenance>
  <prefix>
    <value>1e+30</value>
    <name>quetta</name>
    <symbol>Q</symbol>
    <uri>https://si-digital-framework.org/SI/prefixes/quetta</uri>
  </prefix>
  <prefix>
    <value>1e+27</value>
    <name>ronna</name>
    <symbol>R</symbol>
    <uri>https://si-digital-framework.org/SI/prefixes/ronna</uri>
  </prefix>
  <prefix>
    <value>1e+24</value>
    <name>yotta</name>
    <symbol>Y</symbol>
    <uri>https://si-digital-framework.org/SI/prefixes/yotta</uri>
  </prefix>
  <prefix>
    <value>1e+21</value>
    <name>zetta</name>
    <symbol>Z</symbol>
    <uri>https://si-digital-framework.org/SI/prefixes/zetta</uri>
  </prefix>
  <prefix>
    <value>1e+18</value>
    <name>exa</name>
    <symbol>E</symbol>
    <uri>https://si-digital-framework.org/SI/prefixes/exa</uri>
  </prefix>
  <prefix>
    <value>1000000000000000</value>
    <name>peta</name>
    <symbol>P</symbol>
    <uri>https://si-digital-framework.org/SI/prefixes/peta</uri>
  </prefix>
  <prefix>
    <value>1000000000000</value>
    <name>tera</name>
    <symbol>T</symbol>
    <uri>https://si-digital-framework.org/SI/prefixes/tera</uri>
  </prefix>
  <prefix>
    <value>1000000000</value>
    <name>giga</name>
    <symbol>G</symbol>
    <uri>https://si-digital-framework.org/SI/prefixes/giga</uri>
  </prefix>
  <prefix>
    <value>1000000</value>
    <name>mega</name>
    <symbol>M</symbol>
    <uri>https://si-digital-framework.org/SI/prefixes/mega</uri>
  </prefix>
  <prefix>
    <value>1000</value>
    <name>kilo</name>
    <symbol>k</symbol>
    <uri>https://si-digital-framework.org/SI/prefixes/kilo</uri>
  </prefix>
  <prefix>
    <value>100</value>
    <name>hecto</name>
    <symbol>h</symbol>
    <uri>https://si-digital-framework.org/SI/prefixes/hecto</uri>
  </prefix>
  <prefix>
    <value>10</value>
    <name>deca</name>
    <symbol>da</symbol>
    <uri>https://si-digital-framework.org/SI/prefixes/deca</uri>
  </prefix>
  <prefix>
    <value>0.1</value>
    <name>deci</name>
    <symbol>d</symbol>
    <uri>https://si-digital-framework.org/SI/prefixes/deci</uri>
  </prefix>
  <prefix>
    <value>0.01</value>
    <name>centi</name>
    <symbol>c</symbol>
    <uri>https://si-digital-framework.org/SI/prefixes/centi</uri>
  </prefix>
  <prefix>
    <value>0.001</value>
    <name>milli</name>
    <symbol>m</symbol>
    <uri>https://si-digital-framework.org/SI/prefixes/milli</uri>
  </prefix>
  <prefix>
    <value>1e-06</value>
    <name>micro</name>
    <symbol>&#x00B5;</symbol>
    <uri>https://si-digital-framework.org/SI/prefixes/micro</uri>
  </prefix>
  <prefix>
    <value>1e-09</value>
    <name>nano</name>
    <symbol>n</symbol>
    <uri>https://si-digital-framework.org/SI/prefixes/nano</uri>
  </prefix>
  <prefix>
    <value>1e-12</value>
    <name>pico</name>
    <symbol>p</symbol>
    <uri>https://si-digital-framework.org/SI/prefixes/pico</uri>
  </prefix>
  <prefix>
    <value>1e-15</value>
    <name>femto</name>
    <symbol>f</symbol>
    <uri>https://si-digital-framework.org/SI/prefixes/femto</uri>
  </prefix>
  <prefix>
    <value>1e-18</value>
    <name>atto</name>
    <symbol>a</symbol>
    <uri>https://si-digital-framework.org/SI/prefixes/atto</uri>
  </prefix>
  <prefix>
    <value>1e-21</value>
    <name>zepto</name>
    <symbol>z</symbol>
    <uri>https://si-digital-framework.org/SI/prefixes/zepto</uri>
  </prefix>
  <prefix>
    <value>1e-24</value>
    <name>yocto</name>
    <symbol>y</symbol>
    <uri>https://si-digital-framework.org/SI/prefixes/yocto</uri>
  </prefix>
  <prefix>
    <value>1e-27</value>
    <name>ronto</name>
    <symbol>r</symbol>
    <uri>https://si-digital-framework.org/SI/prefixes/ronto</uri>
  </prefix>
  <prefix>
    <value>1e-30</value>
    <name>quecto</name>
    <symbol>q</symbol>
    <uri>https://si-digital-framework.org/SI/prefixes/quecto</uri>
  </prefix>
</unit-system>