<?xml version="1.0" encoding="US-ASCII"?>
<unit-system>
  <copyright>Copyright (c) 2025 Lars B&#x00E4;rring (ascii-transcription: Lars Barring)</copyright>
  <license>CC-BY-4.0: Creative Commons Attribution 4.0 International</license>
  <provenance>SI Digital Framework Reference Point webpage Version: 1.0 Beta, last update: 2025-03-18 file units.ttl (datestamped 2025-01-30) downloaded and processed by the UDUSI package (version 0.1) on 2025-03-19.</provenance>
  <unit>
    <dimensionless/>
    <name>
      <singular>radian</singular>
    </name>
    <symbol>rad</symbol>
    <unit_uri>https://si-digital-framework.org/SI/units/radian</unit_uri>
    <note>Unit definition changed from `m m^-1` to `dimensionless` to comply with UDUNITS2 technical requirements.</note>
    <unit_class>SISpecialNamedUnit</unit_class>
    <quantities>ANGP: plane angle</quantities>
  </unit>
  <unit>
    <def>rad^2</def>
    <name>
      <singular>steradian</singular>
    </name>
    <symbol>sr</symbol>
    <unit_uri>https://si-digital-framework.org/SI/units/steradian</unit_uri>
    <note>Unit definition changed from `m^2 m^-2` to `rad^2` to comply with UDUNITS2 technical requirements.</note>
    <unit_class>SISpecialNamedUnit</unit_class>
    <quantities>ANGS: solid angle</quantities>
  </unit>
  <unit>
    <def>1/s</def>
    <definition>SI: activity referred to a radionuclide.</definition>
    <aliases>
      <name>
        <singular>becquerel</singular>
      </name>
      <symbol>Bq</symbol>
    </aliases>
    <unit_uri>https://si-digital-framework.org/SI/units/becquerel</unit_uri>
    <note>Made into an alias for UDUNITS2 technical requirements because '1/s' is already mapped to 'hertz' and 'Hz'</note>
    <unit_class>SISpecialNamedUnit</unit_class>
    <quantities>ARRN: activity referred to a radionuclide</quantities>
  </unit>
  <unit>
    <def>K @ 273.15</def>
    <name>
      <singular>degree Celsius</singular>
    </name>
    <symbol comment="DEGREE SIGN">&#x00B0;C</symbol>
    <definition>The unit of Celsius temperature is the degree Celsius, &#x00B0;C, which is equal in magnitude to the kelvin, K, the unit of thermodynamic temperature. The quantity Celsius temperature $t$ is related to thermodynamic temperature $T$ by the equation $t/\text{&#x00B0;C} = T/\text{K} &#x2212; 273.15$.</definition>
    <unit_uri>https://si-digital-framework.org/SI/units/degreeCelsius</unit_uri>
    <note>Unit definition is rewritten to connect "Celsius temperature" to thermodynamic temperature according to UDUNITS2 grammar.</note>
    <unit_class>SISpecialNamedUnit</unit_class>
    <quantities>TEMC: Celsius temperature</quantities>
  </unit>
  <unit>
    <def>s^-1</def>
    <name>
      <singular>hertz</singular>
    </name>
    <symbol>Hz</symbol>
    <unit_uri>https://si-digital-framework.org/SI/units/hertz</unit_uri>
    <unit_class>SISpecialNamedUnit</unit_class>
    <quantities>FREQ: frequency</quantities>
  </unit>
  <unit>
    <def>mol*s^-1</def>
    <name>
      <singular>katal</singular>
    </name>
    <symbol>kat</symbol>
    <unit_uri>https://si-digital-framework.org/SI/units/katal</unit_uri>
    <unit_class>SISpecialNamedUnit</unit_class>
    <quantities>CATA: catalytic activity</quantities>
  </unit>
  <unit>
    <def>A*s</def>
    <name>
      <singular>coulomb</singular>
    </name>
    <symbol>C</symbol>
    <unit_uri>https://si-digital-framework.org/SI/units/coulomb</unit_uri>
    <unit_class>SISpecialNamedUnit</unit_class>
    <quantities>ELCH: electric charge</quantities>
  </unit>
  <unit>
    <def>cd*sr</def>
    <alt_def>cd*sr</alt_def>
    <name>
      <singular>lumen</singular>
    </name>
    <symbol>lm</symbol>
    <unit_uri>https://si-digital-framework.org/SI/units/lumen</unit_uri>
    <unit_class>SISpecialNamedUnit</unit_class>
    <quantities>LUFL: luminous flux</quantities>
  </unit>
  <unit>
    <def>kg*m*s^-2</def>
    <name>
      <singular>newton</singular>
    </name>
    <symbol>N</symbol>
    <unit_uri>https://si-digital-framework.org/SI/units/newton</unit_uri>
    <unit_class>SISpecialNamedUnit</unit_class>
    <quantities>FORC: force</quantities>
  </unit>
  <unit>
    <def>N*m</def>
    <alt_def>kg*m^2*s^-2</alt_def>
    <name>
      <singular>joule</singular>
    </name>
    <symbol>J</symbol>
    <unit_uri>https://si-digital-framework.org/SI/units/joule</unit_uri>
    <unit_class>SISpecialNamedUnit</unit_class>
    <quantities>ENGY: energy</quantities>
  </unit>
  <unit>
    <def>J*kg^-1</def>
    <alt_def>m^2*s^-2</alt_def>
    <name>
      <singular>gray</singular>
    </name>
    <symbol>Gy</symbol>
    <unit_uri>https://si-digital-framework.org/SI/units/gray</unit_uri>
    <unit_class>SISpecialNamedUnit</unit_class>
    <quantities>ABDO: absorbed dose, KRMA: kerma</quantities>
  </unit>
  <unit>
    <def>lm*m^-2</def>
    <alt_def>cd*sr*m^-2</alt_def>
    <name>
      <singular>lux</singular>
    </name>
    <symbol>lx</symbol>
    <unit_uri>https://si-digital-framework.org/SI/units/lux</unit_uri>
    <unit_class>SISpecialNamedUnit</unit_class>
    <quantities>ILLU: illuminance</quantities>
  </unit>
  <unit>
    <def>N*m^-2</def>
    <alt_def>kg*m^-1*s^-2</alt_def>
    <name>
      <singular>pascal</singular>
    </name>
    <symbol>Pa</symbol>
    <unit_uri>https://si-digital-framework.org/SI/units/pascal</unit_uri>
    <unit_class>SISpecialNamedUnit</unit_class>
    <quantities>PRES: pressure</quantities>
  </unit>
  <unit>
    <def>m^2*s^-2</def>
    <alt_def>J*kg^-1</alt_def>
    <definition>SI: unit of dose equivalent in the field of radioprotection. The sievert is equal to the joule per kilogram.</definition>
    <aliases>
      <name>
        <singular>sievert</singular>
      </name>
      <symbol>Sv</symbol>
    </aliases>
    <unit_uri>https://si-digital-framework.org/SI/units/sievert</unit_uri>
    <note>Made into an alias for UDUNITS2 technical requirements  because 'J/*kg-1' is already mapped to 'gray' and 'Gy'</note>
    <unit_class>SISpecialNamedUnit</unit_class>
    <quantities>DOEQ: dose equivalent</quantities>
  </unit>
  <unit>
    <def>J*s^-1</def>
    <alt_def>kg*m^2*s^-3</alt_def>
    <name>
      <singular>watt</singular>
    </name>
    <symbol>W</symbol>
    <unit_uri>https://si-digital-framework.org/SI/units/watt</unit_uri>
    <unit_class>SISpecialNamedUnit</unit_class>
    <quantities>POWR: power</quantities>
  </unit>
  <unit>
    <def>W*A^-1</def>
    <alt_def>kg*m^2*s^-3*A^-1</alt_def>
    <name>
      <singular>volt</singular>
    </name>
    <symbol>V</symbol>
    <unit_uri>https://si-digital-framework.org/SI/units/volt</unit_uri>
    <unit_class>SISpecialNamedUnit</unit_class>
    <quantities>ELPD: electric potential difference</quantities>
  </unit>
  <unit>
    <def>C*V^-1</def>
    <alt_def>kg^-1*m^-2*s^4*A^2</alt_def>
    <name>
      <singular>farad</singular>
    </name>
    <symbol>F</symbol>
    <unit_uri>https://si-digital-framework.org/SI/units/farad</unit_uri>
    <unit_class>SISpecialNamedUnit</unit_class>
    <quantities>ELCA: capacitance</quantities>
  </unit>
  <unit>
    <def>V*A^-1</def>
    <alt_def>kg*m^2*s^-3*A^-2</alt_def>
    <name>
      <singular>ohm</singular>
    </name>
    <symbol comment="GREEK CAPITAL LETTER OMEGA">&#x03A9;</symbol>
    <unit_uri>https://si-digital-framework.org/SI/units/ohm</unit_uri>
    <unit_class>SISpecialNamedUnit</unit_class>
    <quantities>ELRE: electric resistance</quantities>
  </unit>
  <unit>
    <def>A*V^-1</def>
    <alt_def>kg^-1*m^-2*s^3*A^2</alt_def>
    <name>
      <singular>siemens</singular>
    </name>
    <symbol>S</symbol>
    <unit_uri>https://si-digital-framework.org/SI/units/siemens</unit_uri>
    <unit_class>SISpecialNamedUnit</unit_class>
    <quantities>ELCO: electric conductance</quantities>
  </unit>
  <unit>
    <def>V*s</def>
    <alt_def>kg*m^2*s^-2*A^-1</alt_def>
    <name>
      <singular>weber</singular>
    </name>
    <symbol>Wb</symbol>
    <unit_uri>https://si-digital-framework.org/SI/units/weber</unit_uri>
    <unit_class>SISpecialNamedUnit</unit_class>
    <quantities>MGFL: magnetic flux</quantities>
  </unit>
  <unit>
    <def>Wb*A^-1</def>
    <alt_def>kg*m^2*s^-2*A^-2</alt_def>
    <name>
      <singular>henry</singular>
    </name>
    <symbol>H</symbol>
    <unit_uri>https://si-digital-framework.org/SI/units/henry</unit_uri>
    <unit_class>SISpecialNamedUnit</unit_class>
    <quantities>ELIN: inductance</quantities>
  </unit>
  <unit>
    <def>Wb*m^-2</def>
    <alt_def>kg*s^-2*A^-1</alt_def>
    <name>
      <singular>tesla</singular>
    </name>
    <symbol>T</symbol>
    <unit_uri>https://si-digital-framework.org/SI/units/tesla</unit_uri>
    <unit_class>SISpecialNamedUnit</unit_class>
    <quantities>MGFD: magnetic flux density</quantities>
  </unit>
</unit-system>