<?xml version="1.0" encoding="US-ASCII"?>
<unit-system>
  <copyright>Copyright (c) 2025 Lars B&#x00E4;rring (ascii-transcription: Lars Barring)</copyright>
  <license>CC-BY-4.0: Creative Commons Attribution 4.0 International</license>
  <provenance>Additional prefixes information based on UDUNITS 2.2.28 (datestamped 2020-11-23 13:21:06) produced by the UDUSI package (version 0.1) on 2025-03-07.</provenance>
  <prefix>
    <value>1e-06</value>
    <name>micro</name>
    <symbol>&#x03BC;</symbol>
    <symbol>u</symbol>
  </prefix>
  <prefix>
    <value>10</value>
    <name>deka</name>
    <symbol>deca</symbol>
  </prefix>
</unit-system>