<?xml version="1.0" encoding="US-ASCII"?>
<unit-system>
  <copyright>Copyright (c) 2025 Lars B&#x00E4;rring (ascii-transcription: Lars Barring)</copyright>
  <license>CC-BY-4.0: Creative Commons Attribution 4.0 International</license>
  <provenance>SI Digital Framework Reference Point webpage Version: 1.0 Beta, last update: 2025-02-19 file units.ttl (datestamped 2025-01-30) downloaded and processed by the UDUSI package (version 0.1) on 2025-03-07.</provenance>
  <unit>
    <base/>
    <name>
      <singular>kelvin</singular>
    </name>
    <symbol>K</symbol>
    <definition>The kelvin, symbol $\rm{K}$, is the SI unit of thermodynamic temperature. It is defined by taking the fixed numerical value of the Boltzmann constant, ${k}$, to be $1.380\:649 \times 10^{-23}$ when expressed in the unit ${\rm{J}}\ {\rm{K}}^{-1}$, which is equal to ${\rm{kg}}\ {\rm{m}}^{2}\ {\rm{s}}^{-2}\ {\rm{K}}^{-1}$, where the kilogram, metre and second are defined in terms of ${h}$, $c$ and $\Delta\nu_{\rm{Cs}}$.</definition>
    <unit_uri>https://si-digital-framework.org/SI/units/kelvin</unit_uri>
    <unit_class>SIBaseUnit</unit_class>
    <quantities>TEMT: thermodynamic temperature</quantities>
  </unit>
  <unit>
    <base/>
    <name>
      <singular>mole</singular>
    </name>
    <symbol>mol</symbol>
    <definition>The mole, symbol $\rm{mol}$, is the SI unit of amount of substance. One mole contains exactly $6.022\:140\:76 \times 10^{23}$ elementary entities. This number is the fixed numerical value of the Avogadro constant, ${N_{\rm{A}}}$, when expressed in the unit ${\rm{mol}}^{-1}$ and is called the Avogadro number. The amount of substance, symbol ${n}$, of a system is a measure of the number of specified elementary entities. An elementary entity may be an atom, a molecule, an ion, an electron, any other particle or specified group of particles.</definition>
    <unit_uri>https://si-digital-framework.org/SI/units/mole</unit_uri>
    <unit_class>SIBaseUnit</unit_class>
    <quantities>AMSU: amount of substance</quantities>
  </unit>
  <unit>
    <base/>
    <name>
      <singular>candela</singular>
    </name>
    <symbol>cd</symbol>
    <definition>The candela, symbol $\rm{cd}$, is the SI unit of luminous intensity in a given direction. It is defined by taking the fixed numerical value of the luminous efficacy of monochromatic radiation of frequency ${540 \times 10^{12}}\ {{\rm{Hz}}}$, ${K_{\rm{cd}}}$, to be ${683}$ when expressed in the unit ${\rm{lm}}\ {\rm{W}}^{-1} $, which is equal to ${\rm{cd}}\ {\rm{sr}}\ {\rm{W}}^{-1}$, or ${\rm{cd}}\ {\rm{sr}}\ {\rm{kg}}^{-1}\ {\rm{m}}^{-2}\ {\rm{s}}^{3}$, where the kilogram, metre and second are defined in terms of ${h}$, $c$ and $\Delta\nu_{\rm{Cs}}$.</definition>
    <unit_uri>https://si-digital-framework.org/SI/units/candela</unit_uri>
    <unit_class>SIBaseUnit</unit_class>
    <quantities>LUIN: luminous intensity</quantities>
  </unit>
  <unit>
    <base/>
    <name>
      <singular>ampere</singular>
    </name>
    <symbol>A</symbol>
    <definition>The ampere, symbol $\rm{A}$, is the SI unit of electric current. It is defined by taking the fixed numerical value of the elementary charge, ${e}$, to be ${1.602\:176\:634 \times 10^{-19}}$ when expressed in the unit $\rm{C}$, which is equal to ${\rm{A}}\ {\rm{s}}$, where the second is defined in terms of $\Delta\nu_{\rm{Cs}}$.</definition>
    <unit_uri>https://si-digital-framework.org/SI/units/ampere</unit_uri>
    <unit_class>SIBaseUnit</unit_class>
    <quantities>ELCU: electric current</quantities>
  </unit>
  <unit>
    <base/>
    <name>
      <singular>kilogram</singular>
    </name>
    <symbol>kg</symbol>
    <definition>The kilogram, symbol $\rm{kg}$, is the SI unit of mass. It is defined by taking the fixed numerical value of the Planck constant, ${h}$, to be $6.626\:070\:15 \times 10^{-34}$ when expressed in the unit ${\rm{J}}\ {\rm{s}}$, which is equal to ${\rm{kg}}\ {\rm{m}}^{2}\ {\rm{s}}^{-1}$, where the metre and the second are defined in terms of $c$ and $\Delta\nu_{\rm{Cs}}$.</definition>
    <unit_uri>https://si-digital-framework.org/SI/units/kilogram</unit_uri>
    <unit_class>SIBaseUnit</unit_class>
    <quantities>MASS: mass</quantities>
  </unit>
  <unit>
    <base/>
    <name>
      <singular>second</singular>
    </name>
    <symbol>s</symbol>
    <definition>The second, symbol $\rm{s}$, is the SI unit of time. It is defined by taking the fixed numerical value of the caesium frequency, $\Delta\nu_{\rm{Cs}}$, the unperturbed ground-state hyperfine transition frequency of the caesium 133 atom, to be ${9\:192\:631\:770}$ when expressed in the unit ${\rm{Hz}}$, which is equal to ${\rm{s}}^{-1}$.</definition>
    <unit_uri>https://si-digital-framework.org/SI/units/second</unit_uri>
    <unit_class>SIBaseUnit</unit_class>
    <quantities>TIME: time</quantities>
  </unit>
  <unit>
    <base/>
    <name>
      <singular>metre</singular>
    </name>
    <symbol>m</symbol>
    <definition>The metre, symbol $\rm{m}$, is the SI unit of length. It is defined by taking the fixed numerical value of the speed of light in vacuum, $c$, to be $299\:792\:458$ when expressed in the unit ${\rm{m}}\ {{\rm{s}}^{-1}}$, where the second is defined in terms of the caesium frequency $\Delta\nu_{\rm{Cs}}$.</definition>
    <unit_uri>https://si-digital-framework.org/SI/units/metre</unit_uri>
    <unit_class>SIBaseUnit</unit_class>
    <quantities>LENG: length</quantities>
  </unit>
</unit-system>