<?xml version="1.0" encoding="US-ASCII"?>
<unit-system>
  <copyright>Copyright (c) 2025 Lars B&#x00E4;rring (ascii-transcription: Lars Barring)</copyright>
  <license>CC-BY-4.0: Creative Commons Attribution 4.0 International</license>
  <provenance>Additional units information based on UDUNITS 2.2.28 (datestamped 2020-11-23 13:21:06) produced by the UDUSI package (version 0.1) on 2025-03-07.</provenance>
  <unit>
    <def>h</def>
    <alt_def>3600 s</alt_def>
    <aliases>
      <symbol>hr</symbol>
    </aliases>
    <unit_class>UDUaccepted</unit_class>
  </unit>
  <unit>
    <def comment="DEGREE SIGN">&#x00B0;</def>
    <aliases>
      <name>
        <singular>arc_degree</singular>
        <source>UDUaccepted</source>
      </name>
      <name>
        <singular>angular_degree</singular>
        <source>UDUaccepted</source>
      </name>
      <name>
        <singular>arcdeg</singular>
        <source>UDUaccepted</source>
      </name>
    </aliases>
    <unit_class>UDUaccepted</unit_class>
  </unit>
  <unit>
    <def comment="PRIME">&#x2032;</def>
    <aliases>
      <name>
        <singular>arc_minute</singular>
        <source>UDUaccepted</source>
      </name>
      <name>
        <singular>angular_minute</singular>
        <source>UDUaccepted</source>
      </name>
      <name>
        <singular>arcmin</singular>
        <source>UDUaccepted</source>
      </name>
      <symbol>'</symbol>
    </aliases>
    <unit_class>UDUaccepted</unit_class>
  </unit>
  <unit>
    <def comment="DOUBLE PRIME">&#x2033;</def>
    <aliases>
      <name>
        <singular>arc_second</singular>
        <source>UDUaccepted</source>
      </name>
      <name>
        <singular>angular_second</singular>
        <source>UDUaccepted</source>
      </name>
      <name>
        <singular>arcsec</singular>
        <source>UDUaccepted</source>
      </name>
      <symbol>"</symbol>
    </aliases>
    <unit_class>UDUaccepted</unit_class>
  </unit>
  <unit>
    <def>L</def>
    <alt_def>0.001 m3</alt_def>
    <aliases>
      <name>
        <singular>liter</singular>
        <source>UDUaccepted</source>
      </name>
      <symbol>l</symbol>
    </aliases>
    <unit_class>UDUaccepted</unit_class>
    <quantities>VOLU: volume</quantities>
  </unit>
  <unit>
    <def>t</def>
    <aliases>
      <name>
        <singular>metric_ton</singular>
        <source>UDUaccepted</source>
      </name>
    </aliases>
    <unit_class>UDUaccepted</unit_class>
    <quantities>MASS: mass</quantities>
  </unit>
  <unit>
    <def>eV</def>
    <aliases>
      <name>
        <singular>electron_volt</singular>
        <source>UDUaccepted</source>
      </name>
    </aliases>
    <unit_class>UDUaccepted</unit_class>
  </unit>
  <unit>
    <def>Da</def>
    <aliases>
      <name>
        <singular>atomic_mass_unit</singular>
        <source>UDUaccepted</source>
      </name>
      <name>
        <singular>atomicmassunit</singular>
        <source>UDUaccepted</source>
      </name>
      <name>
        <singular>amu</singular>
        <source>UDUaccepted</source>
      </name>
      <name>
        <singular>unified_atomic_mass_unit</singular>
        <source>UDUaccepted</source>
      </name>
      <symbol>u</symbol>
    </aliases>
    <comment>Unit's value is obtained experimentally.</comment>
    <unit_class>UDUaccepted</unit_class>
  </unit>
  <unit>
    <def>au</def>
    <aliases>
      <name>
        <singular>astronomical_unit</singular>
        <source>UDUaccepted</source>
      </name>
    </aliases>
    <unit_class>UDUaccepted</unit_class>
    <quantities>LENG: length</quantities>
  </unit>
  <unit DEPRECATED="TRUE">
    <def>1.495979e11 m</def>
    <definition>Unit of measurement equal to 149.6 million kilometers, the mean distance from the center of the earth to the center of the sun according to the International Bureau of Weights and Measures (BIPM) in 2006.</definition>
    <aliases DEPRECATED="TRUE">
      <name DEPRECATED="TRUE">
        <singular DEPRECATED="TRUE">astronomical_unit_BIPM_2006</singular>
      </name>
      <symbol DEPRECATED="TRUE">ua</symbol>
    </aliases>
    <comment>Pre-2012 resolution by the IAU.</comment>
    <unit_class>UDUaccepted</unit_class>
    <quantities>LENG: length</quantities>
  </unit>
  <unit>
    <def>1852 m</def>
    <definition>Unit of distance at sea, set at 1852 meters (approximately one minute of arc measured along any meridian).</definition>
    <aliases>
      <name>
        <singular>nautical_mile</singular>
      </name>
    </aliases>
    <unit_class>UDUaccepted</unit_class>
    <quantities>LENG: length</quantities>
  </unit>
  <unit>
    <def>nautical_mile/h</def>
    <alt_def>0.514444444444444 m.s-1</alt_def>
    <definition>Derived unit of speed at sea.</definition>
    <aliases>
      <name>
        <singular>international_knot</singular>
      </name>
      <name>
        <singular>knot_international</singular>
      </name>
      <name>
        <singular>knot</singular>
      </name>
    </aliases>
    <unit_class>UDUaccepted</unit_class>
    <quantities>VELO: velocity</quantities>
  </unit>
  <unit>
    <def>1e-10 m</def>
    <definition>Unit of length equal to one hundred-millionth of a centimeter (1 meter/10**10).</definition>
    <aliases>
      <name>
        <singular>angstrom</singular>
      </name>
      <name>
        <singular>&#x00E5;ngstr&#x00F6;m</singular>
      </name>
      <symbol comment="LATIN CAPITAL LETTER A WITH RING ABOVE">&#x00C5;</symbol>
      <symbol comment="ANGSTROM SIGN">&#x212B;</symbol>
    </aliases>
    <unit_class>UDUaccepted</unit_class>
    <quantities>LENG: length</quantities>
  </unit>
  <unit>
    <def>dam^2</def>
    <alt_def>100 m2</alt_def>
    <definition>Unit of area equal to 100 square meters.</definition>
    <aliases>
      <name>
        <singular>are</singular>
      </name>
      <symbol>a</symbol>
    </aliases>
    <unit_class>UDUaccepted</unit_class>
    <quantities>AREA: area</quantities>
  </unit>
  <unit>
    <def>100 fm^2</def>
    <alt_def>1e-28 m2</alt_def>
    <definition>Unit of area, approximately the cross-sectional area of a uranium nucleus (10e-28 square meters).</definition>
    <aliases>
      <name>
        <singular>barn</singular>
      </name>
      <symbol>b</symbol>
    </aliases>
    <unit_class>UDUaccepted</unit_class>
    <quantities>AREA: area</quantities>
  </unit>
  <unit>
    <def>1000 hPa</def>
    <alt_def>100000 Pa</alt_def>
    <definition>Unit of pressure equal to 100000 Pascals, or about 0.987 atmospheres of pressure.</definition>
    <aliases>
      <name>
        <singular>bar</singular>
      </name>
    </aliases>
    <unit_class>UDUaccepted</unit_class>
    <quantities>PRES: pressure</quantities>
  </unit>
  <unit>
    <def>cm/s^2</def>
    <alt_def>0.01 m.s-2</alt_def>
    <definition>Unit of acceleration equal to 1 cm per second squared.</definition>
    <aliases>
      <name>
        <singular>gal</singular>
      </name>
    </aliases>
    <unit_class>UDUaccepted</unit_class>
    <quantities>ACCE: acceleration</quantities>
  </unit>
  <unit>
    <def>3.7e10 Bq</def>
    <definition>Unit of radioactivity corresponding to 3.7 * 10e10 disintegrations per second.</definition>
    <aliases>
      <name>
        <singular>curie</singular>
      </name>
      <symbol>Ci</symbol>
    </aliases>
    <unit_class>UDUaccepted</unit_class>
    <quantities>ARRN: activity referred to a radionuclide</quantities>
  </unit>
  <unit>
    <def>2.58e-4 C/kg</def>
    <definition>Unit of ionizing radiation, the amount producing one electrostatic unit of positive or negative ionic charge in one cubic centimeter of air under standard conditions; rarely used.</definition>
    <aliases>
      <name>
        <singular>roentgen</singular>
      </name>
      <symbol>R</symbol>
    </aliases>
    <unit_class>UDUaccepted</unit_class>
    <quantities>XPOS: exposure (x and &#x03B3; rays)</quantities>
  </unit>
  <unit>
    <def>cSv</def>
    <alt_def>0.01 m2.s-2</alt_def>
    <definition>Unit of radiation dosage applied to humans; equal to one hundredth of a sievert.</definition>
    <aliases>
      <name>
        <singular>rem</singular>
      </name>
    </aliases>
    <unit_class>UDUaccepted</unit_class>
    <quantities>DOEQ: dose equivalent</quantities>
  </unit>
</unit-system>