<unit-system>
    <license>CC-BY-4.0: Creative Commons Attribution 4.0 International</license>
    <copyright>Copyright (c) 2025 Lars Bärring (ascii-transcription: Lars Barring)</copyright>
    <provenance>SI and UDUNITS2 unit definitions merged into one xml file suitable for UDUNTS2. SI information is taken from SI Digital Framework Reference Point webpage  Version: 1.0 Beta, last update: 2025-02-19. UDUNITS2 information based on UDUNITS 2.2.28 (datestamped 2020-11-23 13:21:06). Downloading and processing was done by the UDUSI package (version 0.1) on 2025-03-07.</provenance>
    <!--

    DO NOT CHANGE THE ORDER OF FILES BELOW
    -->
    <import>/home/lasse/CODE/uduxml/xml/udusi-SIPrefix.xml</import>
    <import>/home/lasse/CODE/uduxml/xml/udusi-UDUprefix.xml</import>
    <import>/home/lasse/CODE/uduxml/xml/udusi-SIBaseUnit.xml</import>
    <import>/home/lasse/CODE/uduxml/xml/udusi-UDUSIAddedConstant.xml</import>
    <import>/home/lasse/CODE/uduxml/xml/udusi-SISpecialNamedUnit.xml</import>
    <import>/home/lasse/CODE/uduxml/xml/udusi-SIConstant.xml</import>
    <import>/home/lasse/CODE/uduxml/xml/udusi-nonSIUnit.xml</import>
    <import>/home/lasse/CODE/uduxml/xml/udusi-MeasurementUnit.xml</import>
    <import>/home/lasse/CODE/uduxml/xml/udusi-UDUbase.xml</import>
    <import>/home/lasse/CODE/uduxml/xml/udusi-UDUderived.xml</import>
    <import>/home/lasse/CODE/uduxml/xml/udusi-UDUaccepted.xml</import>
    <import>/home/lasse/CODE/uduxml/xml/udusi-UDUcommon.xml</import>
</unit-system>
