<?xml version="1.0" encoding="US-ASCII"?>
<unit-system>
    <copyright>Copyright (c) 2025 Lars B&#x00E4;rring (ascii-transcription: Lars Barring)</copyright>
    <license>CC-BY-4.0: Creative Commons Attribution 4.0 International</license>
    <provenance>Additional units information based on UDUNITS 2.2.28 (datestamped 2020-11-23 13:21:06) produced by the UDUSI package (version 0.1) on 2025-03-07.</provenance>
    <unit>
        <def>m</def>
        <aliases>
            <name>
                <singular>meter</singular>
                <source>UDUbase</source>
            </name>
        </aliases>
        <unit_class>UDUbase</unit_class>
        <quantities>LENG: length</quantities>
    </unit>
    <unit>
        <def>9.64853321233100184e4 C</def>
        <name>
            <singular>faraday</singular>
        </name>
        <symbol/>
        <definition>Following the 2019 revision of SI, its numerical relation to the coulomb is exact and is denoted the Faraday constant. For new applications this definition of faraday should be used, while the three legacy UDUNITS2 units 'chemical_faraday', 'physical_faraday', and 'C12_faraday' remain supported for existing code.</definition>
        <unit_class>UDUSIAddedUnit</unit_class>
        <quantities>ELCH: electric charge</quantities>
    </unit>
</unit-system>