<?xml version="1.0" encoding="US-ASCII"?>
<unit-system>
    <copyright>Copyright (c) 2025 Lars B&#x00E4;rring (ascii-transcription: Lars Barring)</copyright>
    <license>CC-BY-4.0: Creative Commons Attribution 4.0 International</license>
    <provenance>Additional mathematical constant produced by the UDUSI package (version 0.1) on 2025-02-07.</provenance>
    <unit>
        <def>3.14159265358979323846264338327950</def>
        <name>
            <singular>pi</singular>
            <noplural/>
        </name>
        <symbol comment="GREEK SMALL LETTER PI">&#x03C0;</symbol>
        <definition>The mathematical constant equal to the ratio of a circle's circumference to its diameter. It is added to enable UDUNITS2 to interpret radian and steradian.</definition>
        <internal_note>Constant added by UDUNITS2/UDUSI for use in definition of other units.</internal_note>
        <unit_class>UDUSIAddedConstant</unit_class>
    </unit>
</unit-system>