<?xml version="1.0" encoding="US-ASCII"?>
<unit-system>
    <copyright>Copyright (c) 2025 Lars B&#x00E4;rring (ascii-transcription: Lars Barring)</copyright>
    <license>CC-BY-4.0: Creative Commons Attribution 4.0 International</license>
    <provenance>Additional units information based on UDUNITS 2.2.28 (datestamped 2020-12-28) produced by the UDUSI package (version 0.1) on 2025-02-07.</provenance>
    <unit>
        <def comment="GREEK CAPITAL LETTER OMEGA">&#x03A9;</def>
        <alt_def>m2.kg.s-3.A-2</alt_def>
        <aliases>
            <symbol comment="OHM SIGN">&#x2126;</symbol>
        </aliases>
        <unit_class>UDUderived</unit_class>
    </unit>
    <unit>
        <def>&#x00B0;C</def>
        <alt_def>K @ 273.15</alt_def>
        <aliases>
            <name>
                <singular>degree_Celsius</singular>
                <plural>degrees_Celsius</plural>
                <source>UDUderived</source>
            </name>
        </aliases>
        <unit_class>UDUderived</unit_class>
        <quantities>TEMC: Celsius temperature</quantities>
    </unit>
</unit-system>