<?xml version="1.0" encoding="US-ASCII"?>
<unit-system>
    <copyright>Copyright (c) 2025 Lars B&#x00E4;rring (ascii-transcription: Lars Barring)</copyright>
    <license>CC-BY-4.0: Creative Commons Attribution 4.0 International</license>
    <provenance>SI Digital Framework Reference Point webpage Version: 1.0 Beta, last update: 2025-01-31 file units.ttl (datestamped 2025-01-30) downloaded and processed by the UDUSI package (version 0.1) on 2025-02-07.</provenance>
    <unit>
        <dimensionless/>
        <name>
            <singular>bel</singular>
        </name>
        <symbol>B</symbol>
        <definition>Logarithmic ratio quantity based on decadic logarithm, lg = log10 = $log_{10}$.</definition>
        <unit_uri>https://si-digital-framework.org/SI/units/bel</unit_uri>
        <note>Table 8 in the SI Brochure states in a footnote: "In using these units it is important that the nature of the quantity be specified and that any reference value used be specified.".</note>
        <unit_class>nonSIUnit</unit_class>
        <quantities>RLGB: ratio logarithm (B)</quantities>
    </unit>
    <unit>
        <dimensionless/>
        <name>
            <singular>neper</singular>
        </name>
        <symbol>Np</symbol>
        <definition>Logarithmic ratio quantity based on natural logarithm, ln = $log_e$.</definition>
        <unit_uri>https://si-digital-framework.org/SI/units/neper</unit_uri>
        <note>Table 8 in the SI Brochure states in a footnote: "In using these units it is important that the nature of the quantity be specified and that any reference value used be specified.".</note>
        <unit_class>nonSIUnit</unit_class>
        <quantities>RLGN: ratio logarithm (Np)</quantities>
    </unit>
    <unit>
        <def>pi/10800*rad</def>
        <name>
            <singular>arcminute</singular>
        </name>
        <symbol comment="PRIME">&#x2032;</symbol>
        <unit_uri>https://si-digital-framework.org/SI/units/arcminute</unit_uri>
        <unit_class>nonSIUnit</unit_class>
        <quantities>ANGP: plane angle</quantities>
    </unit>
    <unit>
        <def>pi/648000*rad</def>
        <name>
            <singular>arcsecond</singular>
        </name>
        <symbol comment="DOUBLE PRIME">&#x2033;</symbol>
        <unit_uri>https://si-digital-framework.org/SI/units/arcsecond</unit_uri>
        <unit_class>nonSIUnit</unit_class>
        <quantities>ANGP: plane angle</quantities>
    </unit>
    <unit>
        <def>149597870700*m</def>
        <name>
            <singular>astronomical unit</singular>
        </name>
        <symbol>au</symbol>
        <unit_uri>https://si-digital-framework.org/SI/units/astronomicalunit</unit_uri>
        <unit_class>nonSIUnit</unit_class>
        <quantities>LENG: length</quantities>
    </unit>
    <unit>
        <def>1.66053906660*10^-27*kg</def>
        <name>
            <singular>dalton</singular>
        </name>
        <symbol>Da</symbol>
        <unit_uri>https://si-digital-framework.org/SI/units/dalton</unit_uri>
        <unit_class>nonSIUnit</unit_class>
        <quantities>MASS: mass</quantities>
    </unit>
    <unit>
        <def>86400*s</def>
        <name>
            <singular>day</singular>
        </name>
        <symbol>d</symbol>
        <unit_uri>https://si-digital-framework.org/SI/units/day</unit_uri>
        <unit_class>nonSIUnit</unit_class>
        <quantities>TIME: time</quantities>
    </unit>
    <unit>
        <def>pi/180*rad</def>
        <name>
            <singular>degree</singular>
        </name>
        <symbol comment="DEGREE SIGN">&#x00B0;</symbol>
        <unit_uri>https://si-digital-framework.org/SI/units/degree</unit_uri>
        <unit_class>nonSIUnit</unit_class>
        <quantities>ANGP: plane angle</quantities>
    </unit>
    <unit>
        <def>1.602176634e-19*J</def>
        <name>
            <singular>electronvolt</singular>
        </name>
        <symbol>eV</symbol>
        <unit_uri>https://si-digital-framework.org/SI/units/electronvolt</unit_uri>
        <unit_class>nonSIUnit</unit_class>
        <quantities>ENGY: energy</quantities>
    </unit>
    <unit>
        <def>10^4*m^2</def>
        <name>
            <singular>hectare</singular>
        </name>
        <symbol>ha</symbol>
        <unit_uri>https://si-digital-framework.org/SI/units/hectare</unit_uri>
        <unit_class>nonSIUnit</unit_class>
        <quantities>AREA: area</quantities>
    </unit>
    <unit>
        <def>3600*s</def>
        <name>
            <singular>hour</singular>
        </name>
        <symbol>h</symbol>
        <unit_uri>https://si-digital-framework.org/SI/units/hour</unit_uri>
        <unit_class>nonSIUnit</unit_class>
        <quantities>TIME: time</quantities>
    </unit>
    <unit>
        <def>0.001*m^3</def>
        <name>
            <singular>litre</singular>
        </name>
        <symbol>L</symbol>
        <unit_uri>https://si-digital-framework.org/SI/units/litre</unit_uri>
        <unit_class>nonSIUnit</unit_class>
        <quantities>VOLU: volume</quantities>
    </unit>
    <unit>
        <def>60*s</def>
        <name>
            <singular>minute</singular>
        </name>
        <symbol>min</symbol>
        <unit_uri>https://si-digital-framework.org/SI/units/minute</unit_uri>
        <unit_class>nonSIUnit</unit_class>
        <quantities>TIME: time</quantities>
    </unit>
    <unit>
        <def>1000*kg</def>
        <name>
            <singular>tonne</singular>
        </name>
        <symbol>t</symbol>
        <unit_uri>https://si-digital-framework.org/SI/units/tonne</unit_uri>
        <unit_class>nonSIUnit</unit_class>
        <quantities>MASS: mass</quantities>
    </unit>
</unit-system>