<?xml version="1.0" encoding="US-ASCII"?>
<unit-system>
    <copyright>Copyright (c) 2025 Lars B&#x00E4;rring (ascii-transcription: Lars Barring)</copyright>
    <license>CC-BY-4.0: Creative Commons Attribution 4.0 International</license>
    <provenance>SI Digital Framework Reference Point webpage Version: 1.0 Beta, last update: 2025-01-31 file units.ttl (datestamped 2025-01-30) downloaded and processed by the UDUSI package (version 0.1) on 2025-02-07.</provenance>
    <unit>
        <def>0.001*kg</def>
        <name>
            <singular>gram</singular>
        </name>
        <symbol>g</symbol>
        <unit_uri>https://si-digital-framework.org/SI/units/gram</unit_uri>
        <note>Required because SI base unit is kilogram and double prefixes (e.g., 'Mkg') are not allowed. Currently no public web page is available from the SI Digital Framework.</note>
        <unit_class>MeasurementUnit</unit_class>
        <quantities>MASS: mass</quantities>
    </unit>
</unit-system>